1205 860 1300

快件高度 快件长度 快件宽度
88	400	352
127	218	194
231	394	290
183	307	304
183	294	199
403	609	450
210	397	304
287	255	203
155	538	363
400	523	474
230	287	184
208	398	307
177	302	214
159	395	306
209	404	307
290	399	361
183	298	196
63	426	330
174	403	311
188	243	176
243	344	259
171	244	194
47	452	317
161	279	199
157	485	228
166	404	301
237	334	239
213	314	253
178	337	238
341	342	247
238	193	175
181	305	211
128	387	331
154	294	207
223	343	292
165	320	260
206	254	252
241	349	243
176	497	378
41	369	344
423	527	422
363	407	272
184	484	322
222	348	227
111	211	201
190	416	296
181	408	270
109	301	219
151	258	182
231	337	234
198	433	276
302	395	304
254	348	281
41	372	361
124	320	158
179	432	329
207	378	285
39	378	348
253	599	455
53	369	361
263	408	367
213	617	278
180	408	274
38	367	351
110	331	262
161	291	192
174	337	217
153	464	268
178	349	242
223	422	321
167	331	311
141	400	325
277	409	324
198	407	273
206	347	311
255	350	281
210	404	303
221	412	307
219	393	276
297	416	227
207	335	242
233	499	350
236	475	351
326	543	387
218	348	293
221	338	227
187	309	235
195	346	235
218	385	287
176	363	233
176	404	283
225	417	309
267	415	328
193	459	223
163	500	329
231	335	237
221	434	317
182	409	272
178	261	248
135	320	212
253	349	280
191	298	223
280	367	307
179	341	238
176	402	282
332	516	469
181	279	162
216	729	527
96	310	244
231	359	289
51	534	423
189	444	295
333	353	333
231	381	297
202	397	308
240	418	335
221	355	163
218	338	274
313	468	305
219	492	346
0	0	0
249	565	418
184	465	228
117	444	330
194	381	261
252	349	281
188	467	447
279	363	243
140	450	282
262	365	254
209	405	302
131	610	511
162	466	311
173	338	131
39	377	348
399	353	296
115	497	323
271	421	384
237	342	233
313	407	298
180	309	253
243	325	321
187	358	307
220	374	282
232	295	272
234	294	272
140	509	334
41	374	352
209	520	377
232	306	271
111	379	329
211	456	443
222	391	334
233	303	271
229	379	317
272	312	228
230	294	274
269	302	234
526	418	389
340	346	337
314	391	345
0	0	0
270	309	228
175	309	303
177	306	304
173	311	295
270	303	237
229	293	273
270	298	233
232	302	271
271	310	236
152	228	168
330	344	332
179	329	239
126	483	245
270	303	237
173	308	299
233	294	272
101	494	314
205	340	288
270	299	238
130	226	161
212	368	273
232	299	272
232	293	273
322	518	400
271	305	237
143	297	295
232	300	271
232	310	272
270	303	230
232	302	267
53	502	344
232	294	273
235	306	269
203	530	381
231	307	271
161	406	300
234	306	267
188	456	308
219	431	301
175	305	304
56	266	168
174	313	292
177	306	299
174	308	307
176	316	297
119	421	208
175	308	299
176	309	304
177	311	296
69	501	356
174	311	297
131	405	261
232	300	270
221	419	307
221	431	309
176	309	295
214	271	201
305	269	237
219	296	262
232	300	272
270	302	235
176	307	296
176	309	296
218	297	260
173	310	295
272	301	234
230	293	272
233	305	272
175	313	294
245	438	292
231	304	270
330	276	238
231	300	269
153	412	320
246	347	269
178	313	296
227	354	292
174	306	295
270	301	234
176	788	170
233	300	274
300	268	228
208	392	308
231	306	267
233	301	271
237	334	332
174	307	304
232	298	274
302	269	235
214	262	217
233	309	270
231	301	270
303	593	467
217	259	224
112	368	279
174	307	299
214	257	220
458	599	413
94	412	406
234	305	272
176	305	304
176	309	296
176	307	300
215	336	241
180	364	251
304	268	236
111	394	256
177	306	301
173	333	284
232	303	270
177	329	256
234	304	270
176	310	296
234	300	273
458	591	418
427	592	466
233	299	271
177	308	304
212	301	250
130	382	349
342	703	409
213	435	409
49	515	315
218	621	405
150	276	198
90	374	284
154	500	284
187	297	244
289	495	409
115	407	405
186	484	446
186	465	271
223	340	186
297	469	244
300	401	305
229	390	266
186	461	320
222	413	323
110	205	138
197	538	471
111	209	142
404	703	338
348	612	595
116	505	364
196	474	456
148	489	450
85	501	378
0	0	0
127	511	288
147	533	364
170	479	300
155	355	239
209	549	425
88	477	437
131	536	435
50	464	414
112	466	390
153	503	322
301	432	266
0	0	0
111	217	211
293	547	432
291	548	453
292	559	441
292	591	478
168	305	203
294	629	427
291	538	450
234	497	391
168	301	205
318	617	456
289	541	440
293	531	423
187	405	278
175	281	203
292	593	404
292	567	426
321	562	442
165	475	326
292	578	469
293	546	389
291	577	457
317	561	449
297	598	465
292	571	434
290	587	465
291	515	411
223	624	256
166	201	199
0	0	0
293	556	432
191	572	431
292	539	399
0	0	0
290	548	444
216	397	229
289	543	480
167	305	204
180	304	236
294	582	447
188	329	302
241	302	175
229	451	315
179	298	247
373	648	406
223	295	271
177	297	248
228	455	311
221	376	226
224	419	304
237	351	240
164	340	279
230	601	416
177	298	239
162	427	331
233	442	432
224	541	441
218	350	266
239	334	254
188	317	243
180	359	242
207	336	263
215	483	437
145	258	179
206	645	215
250	624	224
158	474	288
194	403	294
160	398	237
179	454	264
266	349	161
350	421	417
131	473	333
147	497	372
258	382	218
202	396	368
246	344	204
217	504	404
244	353	202
237	340	248
91	505	452
336	681	513
187	899	409
212	513	359
111	869	369
171	449	277
227	363	219
115	882	367
107	307	210
145	379	300
186	348	221
220	341	233
234	339	235
238	336	237
239	340	265
185	341	222
152	423	314
143	388	308
230	335	244
230	334	242
303	599	414
331	241	239
245	438	299
0	0	0
305	524	427
271	474	437
158	394	239
156	391	238
148	296	207
151	419	315
231	338	239
237	338	234
89	393	385
225	444	305
230	338	239
231	338	242
189	339	240
183	904	408
219	430	305
231	334	248
232	333	246
215	338	291
232	338	242
213	367	330
98	276	225
232	343	242
344	566	344
166	414	321
229	411	300
237	337	236
181	464	276
230	338	242
169	537	296
154	414	320
237	341	237
168	355	302
168	354	278
293	514	398
0	0	0
286	336	249
98	590	114
208	293	252
179	261	208
232	338	240
264	407	369
0	0	0
288	462	369
81	591	420
233	433	247
97	595	208
218	340	288
269	361	245
166	415	322
115	334	243
116	297	253
84	510	385
301	463	450
243	348	268
167	415	322
237	336	239
237	335	239
248	420	312
235	334	237
231	339	242
394	397	315
232	334	238
202	405	278
196	433	319
202	401	300
178	296	295
244	420	310
156	297	204
218	335	200
199	436	288
93	246	243
209	401	306
152	313	209
237	335	239
209	375	266
231	333	241
178	285	202
105	753	103
214	421	295
235	369	193
200	351	300
244	369	236
153	412	321
302	392	310
241	420	304
240	418	301
182	455	252
119	293	248
188	362	215
157	403	306
205	296	253
232	336	239
190	291	248
120	406	302
232	336	244
195	464	332
189	315	234
306	396	313
163	423	288
235	297	223
285	521	389
189	324	296
239	392	269
120	414	260
166	426	315
131	499	367
237	334	239
157	418	315
210	437	270
179	287	213
177	454	313
288	443	309
269	293	254
235	340	236
186	347	221
154	417	317
155	424	314
240	400	217
156	422	316
180	290	225
162	303	189
236	336	238
213	373	243
164	307	301
153	418	314
231	335	241
230	339	238
232	333	243
318	486	462
292	547	428
237	334	237
230	334	241
153	410	318
239	343	251
89	515	319
158	397	309
294	478	332
181	415	320
0	0	0
215	345	188
243	416	309
185	347	221
346	450	321
0	0	0
215	344	188
246	434	326
216	391	307
298	432	295
157	291	207
183	342	221
183	357	255
145	456	417
157	253	186
266	502	370
148	393	303
204	207	203
290	515	387
144	389	305
230	295	257
279	520	387
246	431	305
174	337	218
186	342	226
181	382	236
186	387	299
156	373	302
156	416	322
216	375	283
213	393	308
214	347	184
207	431	339
155	399	302
200	421	272
236	343	235
222	447	356
232	334	238
289	423	253
236	341	236
231	333	244
152	411	321
105	196	154
138	390	298
162	390	315
230	343	242
65	350	270
246	396	313
230	333	242
211	444	410
210	435	272
151	261	186
158	545	213
209	399	306
253	411	335
211	324	251
230	337	239
185	297	186
138	651	356
86	531	358
197	599	454
200	442	310
169	433	299
223	439	358
129	452	369
261	590	425
227	501	354
167	294	289
154	209	200
287	417	311
172	468	286
190	385	258
267	332	249
253	500	253
183	330	239
217	309	247
216	312	208
180	329	249
145	389	298
309	395	310
207	292	251
144	314	179
154	414	319
191	296	228
149	376	251
154	413	320
178	332	247
154	415	322
151	414	321
190	389	266
187	448	322
153	412	321
208	409	304
95	576	287
154	413	320
203	416	279
258	509	268
144	299	234
424	614	460
424	627	419
145	409	308
263	695	413
190	413	320
146	408	303
83	377	303
206	306	249
153	412	320
162	273	193
179	289	250
200	377	254
147	409	313
165	415	321
59	472	355
125	293	219
243	429	302
244	482	354
155	427	316
362	372	202
147	466	372
67	497	461
156	286	284
198	394	304
60	689	93
146	305	201
144	400	313
145	419	305
205	453	275
184	389	266
130	230	157
153	413	322
256	421	304
202	401	308
156	415	322
236	335	238
365	474	436
218	218	214
80	505	357
280	358	243
158	391	307
424	615	437
167	415	326
147	376	252
0	0	0
156	383	311
148	197	195
429	609	444
156	399	302
153	414	320
140	405	312
164	356	227
424	435	425
427	610	436
310	792	433
153	379	314
213	437	361
312	501	382
216	437	366
428	612	435
216	449	359
219	436	358
155	427	316
153	425	316
152	395	298
208	304	248
215	438	289
154	411	315
407	391	347
155	415	320
156	413	320
216	437	356
155	415	321
214	451	372
204	302	232
244	392	302
153	413	320
329	518	395
153	422	315
0	0	0
75	499	293
165	414	322
155	400	308
159	394	304
235	337	240
156	301	203
332	358	353
392	608	389
207	293	255
173	406	271
153	416	320
255	338	280
158	402	307
79	570	562
154	305	201
280	594	372
151	200	197
134	296	213
342	319	266
259	487	332
149	370	261
393	403	357
218	311	202
149	294	281
246	290	199
0	0	0
94	274	237
100	460	389
218	427	308
149	296	283
146	283	281
318	697	411
100	216	148
203	416	322
249	621	457
154	412	320
173	281	162
155	298	199
148	287	265
150	292	195
216	422	299
198	293	172
147	303	248
151	197	194
212	398	307
146	263	259
184	455	284
146	300	293
138	297	228
174	526	330
156	414	320
148	290	279
211	401	308
204	420	276
429	613	442
153	419	314
238	393	277
156	422	315
154	418	316
316	480	355
152	202	193
153	414	322
183	353	341
143	289	235
327	683	420
159	393	310
123	441	339
149	415	304
85	253	214
275	443	335
426	627	436
159	398	306
154	396	246
226	386	343
308	396	310
178	433	259
423	640	430
231	527	301
143	365	353
298	451	290
424	621	441
183	356	233
42	363	255
208	228	224
0	0	0
107	339	148
152	412	319
178	340	218
426	623	434
146	301	283
167	415	319
168	399	304
155	403	303
152	415	322
161	302	289
210	228	217
166	415	321
168	424	315
149	388	253
167	424	316
203	376	256
171	280	163
170	341	219
196	392	299
151	282	272
153	295	281
147	285	278
166	415	320
214	368	250
72	458	170
150	272	265
308	446	259
152	422	315
156	393	207
135	418	266
148	293	277
508	701	557
424	615	447
232	348	284
296	687	398
155	412	324
39	370	359
213	308	244
141	396	315
175	359	262
361	449	418
216	296	247
203	300	249
267	449	219
217	244	241
107	284	142
150	518	320
178	480	213
353	462	447
398	570	419
166	234	203
151	304	270
154	423	315
152	384	309
147	299	282
218	449	210
132	224	161
165	415	325
153	414	320
361	464	386
168	368	300
245	547	457
204	299	296
151	399	307
157	390	305
151	408	301
0	0	0
161	392	308
128	381	214
152	413	322
158	415	322
429	621	434
142	397	323
325	687	440
152	414	319
169	416	322
127	393	209
209	389	307
98	549	457
151	311	241
217	385	285
222	379	293
186	410	331
158	302	204
215	329	241
165	414	322
152	414	321
177	345	267
153	300	206
191	403	286
176	328	277
232	349	285
182	402	256
328	675	469
118	422	171
244	726	411
227	314	311
183	403	271
157	397	308
156	415	320
127	367	229
154	414	322
264	537	348
182	295	271
158	394	306
203	434	338
198	279	255
156	418	315
183	345	216
154	303	202
124	468	256
155	423	315
230	341	233
118	387	263
217	296	256
167	415	322
281	526	355
198	326	243
169	353	293
171	467	259
147	440	258
172	279	163
152	415	320
407	599	405
156	271	186
154	417	314
215	394	296
0	0	0
242	332	271
234	457	285
188	403	299
74	505	305
157	299	202
200	424	335
214	442	272
130	389	260
262	439	198
154	414	321
209	353	260
0	0	0
111	507	414
133	297	222
173	376	286
127	337	299
301	396	290
169	420	341
136	378	300
227	437	368
128	425	274
210	379	280
154	416	322
153	409	303
155	420	189
163	549	411
152	299	265
148	474	289
132	428	271
127	373	236
208	301	253
155	414	321
156	389	227
165	545	414
191	346	241
198	405	302
289	495	366
172	384	276
227	312	259
166	544	411
136	394	299
108	470	303
140	393	306
209	696	412
231	386	279
153	399	306
208	390	303
153	291	200
291	596	457
127	301	202
420	623	446
112	376	280
148	308	289
201	417	282
166	548	409
166	423	315
216	375	262
214	337	233
147	290	274
162	551	408
173	292	259
144	395	307
154	415	321
197	421	256
154	415	321
154	306	202
293	431	342
149	305	304
163	551	408
164	551	406
407	526	375
86	384	267
321	506	412
241	455	376
404	673	493
174	373	266
312	409	300
0	0	0
174	308	273
189	337	242
213	295	259
155	433	276
194	365	247
127	395	236
249	348	243
153	419	314
148	269	188
0	0	0
325	436	422
121	424	306
163	345	250
135	426	272
148	300	295
265	354	332
187	394	269
195	394	257
140	384	308
324	443	418
166	415	321
214	340	293
152	421	315
288	390	279
153	412	320
194	336	184
167	421	316
132	430	318
219	306	240
155	415	321
210	356	255
154	417	316
148	292	291
211	305	300
134	434	268
242	426	299
212	297	258
201	404	311
482	746	591
151	450	327
297	397	304
0	0	0
144	254	198
149	258	198
151	476	294
150	463	296
186	293	165
253	334	323
0	0	0
186	257	157
193	298	236
113	301	227
327	450	417
260	315	209
146	297	264
198	301	222
149	392	307
0	0	0
153	454	328
282	566	424
323	389	336
167	422	316
256	397	278
151	436	309
166	421	316
181	454	207
150	449	302
154	429	316
168	416	324
210	394	393
167	415	320
210	389	305
133	249	173
349	589	508
151	473	323
325	435	427
167	425	315
352	661	513
173	337	222
307	395	310
310	512	251
214	285	161
100	740	602
209	305	300
148	279	269
325	435	426
93	265	169
147	314	268
407	516	332
201	307	221
0	0	0
424	633	426
251	722	415
173	281	234
317	459	347
246	455	347
148	409	393
195	309	305
241	426	303
197	223	217
174	335	222
358	502	408
192	433	362
222	371	262
188	350	294
136	333	311
0	0	0
210	403	298
349	611	497
205	413	374
0	0	0
84	693	81
153	417	314
0	0	0
0	0	0
299	432	431
146	305	260
84	694	83
154	409	303
138	388	300
206	403	392
424	520	438
255	388	321
146	297	274
316	430	268
318	450	357
207	415	387
152	469	303
355	510	464
148	308	278
201	289	159
358	500	459
359	462	446
172	339	222
165	414	319
155	414	320
255	294	203
152	412	320
356	599	486
149	262	183
130	311	232
147	299	273
155	412	323
166	421	316
302	473	327
156	415	322
257	357	276
154	413	320
66	310	217
215	402	306
156	412	319
291	465	310
217	381	258
146	300	195
357	502	464
298	459	328
0	0	0
123	243	150
216	419	317
416	424	397
137	248	187
274	350	294
154	418	314
200	307	304
168	355	294
200	427	212
153	499	319
246	419	310
166	415	322
165	289	187
182	295	230
153	418	315
152	413	319
202	367	260
156	423	316
148	303	293
215	448	303
295	393	307
155	422	314
153	414	319
300	489	480
210	416	370
230	456	281
311	407	312
147	284	284
168	419	317
284	593	415
119	253	224
156	425	316
165	422	314
125	311	182
0	0	0
258	338	324
146	291	269
289	532	435
145	338	229
298	387	303
154	411	321
121	279	109
142	394	299
146	283	256
297	624	448
249	303	197
158	416	320
154	414	321
241	364	220
361	552	297
216	387	259
167	413	286
175	477	254
151	483	304
150	464	448
166	419	316
147	293	290
205	303	234
192	300	228
226	344	260
183	433	306
169	354	298
169	422	316
156	416	322
212	388	302
219	453	183
211	385	235
164	255	181
0	0	0
304	395	310
148	405	303
155	468	301
150	398	305
154	398	306
153	414	321
301	392	305
204	408	307
219	440	207
243	638	329
137	378	317
140	391	298
206	389	300
156	300	241
133	374	312
136	306	224
233	391	275
194	410	294
180	461	417
148	443	310
0	0	0
217	525	346
155	422	317
202	648	268
179	392	217
153	411	321
424	616	455
224	384	276
140	404	296
169	393	271
156	414	320
214	499	343
238	541	338
271	396	319
213	448	280
156	423	316
235	524	232
147	443	223
166	414	322
231	459	292
368	538	328
222	465	205
209	356	285
365	675	421
155	415	323
144	453	277
350	612	463
147	302	273
208	309	251
545	775	593
180	406	272
216	395	339
174	343	219
155	699	409
213	350	234
162	393	302
168	367	271
133	301	221
335	638	527
0	0	0
144	382	301
209	303	256
202	295	270
201	345	251
166	416	319
246	311	233
133	296	221
166	423	314
149	321	285
307	389	275
149	325	292
0	0	0
200	397	389
213	452	272
433	527	498
0	0	0
240	432	274
307	395	298
247	319	196
130	299	223
110	302	294
260	397	325
181	448	276
153	253	186
203	309	210
150	760	431
157	455	311
180	285	230
153	424	316
143	391	321
255	286	210
140	251	176
195	411	300
303	404	297
179	456	262
202	477	346
159	398	305
200	359	231
179	336	216
330	616	501
355	395	379
152	383	313
397	307	305
208	308	303
153	413	320
155	414	319
199	325	253
141	303	230
156	421	315
153	398	307
165	424	316
182	369	222
215	335	251
334	738	401
189	335	238
120	323	244
230	341	218
207	439	292
149	387	310
135	297	230
146	295	203
300	380	373
177	336	222
0	0	0
152	424	315
154	426	278
167	424	315
185	405	277
372	509	394
226	389	284
166	413	319
166	419	317
154	411	318
201	427	346
297	381	378
175	459	271
198	431	291
297	579	417
165	416	320
167	420	316
103	417	224
133	369	247
173	291	245
204	423	344
274	516	294
151	381	307
168	422	210
212	334	184
148	419	345
130	284	199
177	308	200
166	415	321
205	407	397
514	611	453
140	300	225
132	443	362
208	372	297
156	394	312
157	391	308
236	423	314
113	313	245
212	404	296
152	413	319
299	548	418
118	401	312
147	305	305
205	413	380
172	500	223
232	310	255
152	454	308
148	256	205
254	518	348
0	0	0
140	390	301
152	464	310
325	466	299
152	413	320
159	227	130
204	306	252
225	402	289
250	378	348
206	598	427
153	382	300
101	317	244
228	416	284
284	449	349
327	485	274
157	396	308
221	441	358
154	307	201
223	356	261
372	562	325
152	457	305
189	336	241
153	501	405
271	442	217
506	599	457
298	408	301
0	0	0
171	338	215
155	413	322
166	346	256
179	425	271
236	377	224
290	443	292
210	312	170
171	288	241
254	583	445
221	413	300
154	421	314
200	297	277
228	456	384
130	224	171
265	430	244
140	302	161
150	389	316
355	358	351
180	432	277
184	305	244
0	0	0
196	710	435
235	344	225
204	323	236
163	319	201
165	415	319
154	415	320
196	497	407
265	685	442
152	400	308
153	305	201
134	376	339
232	398	289
196	392	303
166	411	316
158	429	347
279	447	404
160	286	194
138	392	303
165	427	316
188	335	237
151	294	200
153	417	313
151	305	235
155	398	303
152	294	268
154	310	200
168	414	323
152	414	320
199	297	238
179	306	213
156	419	315
219	406	276
254	436	156
0	0	0
190	345	235
238	347	302
207	446	337
192	694	228
153	658	434
204	408	356
0	0	0
153	402	305
121	258	141
152	385	379
225	284	229
127	758	649
312	406	305
131	302	221
113	481	345
153	452	305
128	239	133
169	354	297
166	423	316
206	392	308
294	424	331
198	450	434
166	421	316
118	386	241
134	285	214
180	446	237
210	372	265
162	341	296
197	434	294
183	441	284
171	285	201
337	626	528
143	385	306
273	383	290
195	337	261
316	554	420
101	228	150
159	416	321
226	421	303
156	305	200
254	570	447
214	387	299
155	416	322
152	416	316
233	361	206
211	365	251
156	304	201
246	490	293
160	303	249
158	361	345
0	0	0
205	289	256
246	480	353
194	395	325
315	598	405
203	387	299
66	478	457
206	367	278
245	294	280
298	611	380
275	291	232
167	347	256
126	307	212
166	415	314
153	472	373
0	0	0
243	532	290
154	279	264
196	313	220
212	346	260
113	299	248
279	351	310
169	354	299
154	419	316
167	422	316
204	377	239
131	418	216
158	395	305
197	301	236
161	290	207
166	414	321
169	343	339
225	352	270
130	290	194
89	447	364
206	300	254
284	491	373
147	397	306
216	313	280
166	419	315
155	415	319
155	417	315
405	602	303
132	299	225
211	346	243
156	419	314
107	534	278
155	344	228
191	416	262
252	358	351
160	301	264
244	366	218
164	331	245
254	569	448
185	385	270
166	545	410
156	416	321
165	555	405
133	295	223
209	296	256
142	298	274
166	550	404
218	365	286
162	304	201
143	391	261
203	315	237
208	349	233
170	502	406
181	416	245
157	445	274
169	347	269
170	226	132
219	284	252
341	582	483
189	371	336
129	296	226
152	293	203
171	287	232
270	380	204
154	279	186
156	395	307
395	590	400
139	254	174
165	296	285
187	299	175
200	473	337
187	281	192
245	495	443
0	0	0
262	364	303
189	403	273
153	415	323
296	494	284
219	341	168
165	298	197
193	365	248
210	367	250
313	464	444
214	401	248
446	786	727
150	399	311
227	357	258
128	353	258
209	389	321
149	259	196
31	500	340
153	423	315
218	381	287
341	689	400
142	390	308
190	384	274
208	383	305
220	364	275
245	371	214
258	357	213
211	298	258
210	367	251
191	400	277
152	421	314
0	0	0
188	381	270
143	309	257
310	594	408
138	417	224
196	266	175
286	445	353
166	390	297
225	424	292
227	441	307
287	299	274
117	486	455
206	322	233
156	523	320
216	669	295
143	415	359
246	353	250
243	373	212
152	259	189
166	414	321
152	423	315
0	0	0
308	392	308
192	426	293
209	394	304
210	302	253
189	402	296
207	294	251
382	580	431
189	334	239
135	391	334
423	536	419
243	490	377
214	337	220
150	392	308
198	383	275
121	379	364
154	418	314
273	506	393
228	337	219
121	532	317
120	404	336
192	345	246
264	500	377
209	393	307
315	401	316
172	362	269
234	382	271
399	697	329
166	398	285
198	392	250
209	333	219
210	397	312
302	389	316
154	297	204
246	393	310
157	399	305
179	254	205
154	419	315
293	402	300
222	337	257
152	259	188
167	415	320
125	393	298
305	400	309
211	302	248
155	413	321
0	0	0
112	206	197
423	616	455
199	336	234
228	353	196
158	400	303
248	552	391
167	420	316
212	369	248
352	486	423
159	406	301
160	297	191
171	363	264
147	391	315
156	296	218
160	495	401
177	305	189
164	275	186
143	392	299
160	400	197
308	388	271
291	388	304
191	397	270
142	285	254
289	409	263
187	384	359
257	345	252
137	394	299
263	559	524
216	425	365
202	292	191
199	334	233
240	347	243
94	277	193
167	479	325
205	359	254
148	401	294
191	336	240
232	404	195
206	646	360
153	347	304
176	344	217
156	415	322
165	346	264
266	342	198
198	346	262
203	338	229
189	258	162
253	701	422
207	354	261
156	412	322
218	416	306
252	345	251
321	542	542
131	254	198
166	325	246
205	351	258
200	338	232
130	352	259
205	406	298
180	282	158
161	434	424
264	512	364
168	410	329
139	250	175
215	384	311
153	413	319
253	521	335
219	366	265
224	571	505
217	395	364
143	302	229
270	406	386
357	385	318
393	272	223
151	263	190
156	394	312
211	432	283
207	472	322
232	359	282
149	203	140
71	499	297
163	334	251
211	340	180
181	404	303
129	357	253
152	413	320
157	368	232
167	414	318
180	256	206
153	353	299
139	252	173
247	352	251
187	408	227
151	401	281
133	479	336
210	323	309
172	342	227
154	413	321
220	693	419
198	338	225
249	354	251
209	297	258
0	0	0
219	379	260
206	334	249
70	510	338
177	404	265
148	400	303
176	342	218
183	626	215
195	366	270
293	529	526
235	314	238
145	281	180
145	398	307
189	340	225
129	355	181
201	332	225
275	612	359
204	354	257
92	451	439
189	406	284
226	404	285
152	395	309
150	477	276
144	389	299
250	413	398
194	216	205
204	404	373
227	304	258
350	359	355
211	426	299
198	303	238
206	463	330
194	398	300
289	255	251
193	429	311
200	333	220
155	414	322
135	332	217
456	538	480
200	420	303
175	451	242
173	335	223
312	474	380
199	431	227
258	489	390
150	423	314
166	415	322
154	415	322
271	381	273
114	472	242
144	299	262
176	343	217
154	426	315
217	433	423
196	296	241
0	0	0
404	667	494
157	423	316
210	299	254
155	415	322
198	344	223
228	424	196
207	299	257
152	413	316
214	374	253
216	308	224
115	342	263
192	412	261
0	0	0
205	373	282
151	281	204
206	465	329
219	351	208
0	0	0
198	336	224
209	415	279
139	259	174
254	344	277
249	525	331
201	437	271
93	400	300
371	508	346
304	515	270
151	451	311
217	375	258
204	366	230
203	344	219
162	336	226
207	352	256
302	399	298
200	411	300
208	299	252
234	363	215
171	338	221
126	583	387
224	403	292
215	362	264
246	376	371
177	339	218
212	425	300
0	0	0
165	415	321
254	362	199
149	396	305
167	423	316
306	855	412
231	378	277
167	415	321
160	413	323
216	333	283
170	413	293
310	392	304
0	0	0
257	295	211
150	412	319
138	396	296
158	405	304
133	394	315
307	416	299
177	408	264
150	318	277
194	431	264
178	354	220
427	609	476
361	482	262
348	256	251
120	401	244
108	421	333
0	0	0
140	379	310
200	424	307
228	438	309
228	439	310
163	258	256
164	290	200
304	394	305
186	363	244
63	377	276
259	364	207
166	420	316
0	0	0
236	466	280
202	352	220
242	489	350
201	343	250
303	399	301
99	302	265
187	376	284
185	293	229
152	396	300
208	298	247
152	421	315
151	391	310
291	442	346
228	309	252
173	349	241
200	399	270
181	346	225
312	391	305
166	414	323
167	415	322
182	384	249
166	415	322
262	431	297
297	412	308
152	419	315
223	418	309
214	390	291
149	464	292
236	373	348
228	317	250
212	400	305
184	390	242
190	415	384
291	601	407
142	433	359
214	334	270
165	335	252
150	535	148
211	447	358
278	474	294
193	393	265
149	473	298
226	325	233
235	383	270
319	590	445
285	407	332
182	397	247
203	387	315
231	285	189
136	339	214
175	336	271
208	300	247
205	419	398
287	393	344
190	340	237
151	415	344
209	297	252
342	528	450
153	257	185
0	0	0
119	302	191
298	420	399
189	336	237
273	382	355
91	436	346
222	308	254
149	257	181
151	482	305
178	333	243
146	456	247
230	438	306
210	333	232
148	256	187
133	396	298
269	517	329
202	336	236
228	434	310
167	483	322
204	397	298
190	364	252
319	243	236
199	413	279
148	381	307
233	376	359
305	394	307
169	354	292
222	403	280
168	376	255
126	402	384
383	293	230
182	345	231
112	305	217
339	506	335
152	263	234
216	277	268
129	398	345
156	396	316
298	445	298
236	342	293
210	360	268
185	355	281
205	393	309
213	333	327
298	415	397
255	303	200
233	380	268
217	394	299
255	348	339
201	417	318
205	357	230
291	406	334
203	331	230
304	406	300
94	252	182
203	305	259
286	397	341
186	421	288
288	405	338
196	415	296
319	476	363
151	395	309
139	376	326
0	0	0
212	341	176
240	450	350
0	0	0
306	403	307
196	414	269
158	398	306
126	268	133
195	365	257
253	302	213
219	481	307
206	397	310
281	393	297
150	384	298
209	290	267
137	770	432
186	413	302
253	592	484
240	433	316
208	298	244
261	526	360
198	384	291
209	296	252
149	473	301
217	398	302
199	443	273
270	432	165
192	352	231
171	281	163
206	421	411
172	336	216
266	411	233
142	256	176
221	344	225
296	450	402
172	358	273
168	297	201
116	222	148
146	386	322
199	402	292
176	335	220
362	645	455
205	304	257
250	400	304
206	393	308
221	473	406
215	319	279
181	353	218
120	317	274
219	366	182
240	585	360
197	418	274
152	343	241
241	500	322
238	423	312
56	525	322
212	392	300
201	456	266
187	302	246
133	528	384
0	0	0
158	428	280
94	312	224
225	426	295
215	400	304
95	601	199
216	294	252
202	306	241
133	468	301
211	402	304
173	337	223
239	340	252
192	443	348
199	356	246
49	483	158
202	341	236
166	417	315
73	354	283
282	548	333
141	390	298
153	364	271
197	390	300
217	328	278
249	362	246
205	278	166
268	413	198
208	395	298
212	334	278
185	361	270
270	509	375
71	697	424
167	420	320
181	264	259
209	388	313
119	369	247
201	401	279
334	507	336
214	493	288
170	368	272
196	306	152
240	239	238
300	492	400
211	424	268
159	408	302
163	259	257
172	357	255
301	398	310
140	457	394
178	523	368
157	291	201
300	480	407
424	636	418
48	508	302
144	366	234
254	362	219
0	0	0
317	482	414
125	462	369
245	481	281
0	0	0
167	293	202
154	422	315
79	309	238
107	344	289
197	408	371
143	253	172
227	337	194
196	343	226
242	498	359
122	400	291
263	467	417
165	414	322
326	530	232
81	328	324
189	333	275
307	385	284
226	321	197
153	424	315
232	378	363
307	392	302
205	417	311
201	400	274
206	447	356
173	342	239
333	488	402
154	411	321
179	463	297
156	416	320
154	392	310
195	321	226
136	456	266
404	313	306
219	362	360
178	333	217
247	355	253
214	325	281
206	414	295
206	483	364
302	465	326
158	399	308
169	455	370
263	475	404
112	493	326
166	427	316
219	377	249
206	358	255
170	362	271
148	387	167
150	401	318
199	418	269
342	582	436
166	416	320
166	421	316
0	0	0
116	466	261
163	259	256
0	0	0
197	456	220
155	343	237
163	390	305
194	425	292
224	367	292
194	445	286
204	431	395
0	0	0
304	396	301
165	260	258
153	411	320
195	298	260
215	328	302
204	347	265
187	406	267
145	396	309
153	394	302
126	403	294
180	350	228
208	399	298
246	340	275
221	529	195
299	482	306
136	405	220
231	379	274
148	254	178
254	315	200
119	439	244
211	289	257
155	255	248
161	425	317
198	412	311
154	423	315
156	250	241
150	397	302
201	333	242
204	411	294
178	444	282
189	410	295
113	304	228
126	367	306
188	344	261
189	297	245
121	446	249
235	397	250
122	301	244
135	411	298
184	355	296
171	288	201
131	308	222
261	450	347
271	381	325
153	259	200
198	359	254
267	416	367
194	296	230
308	468	331
201	349	250
190	297	260
144	254	173
173	281	162
282	387	215
266	293	256
155	415	322
208	396	237
0	0	0
168	368	307
233	374	270
140	255	180
262	458	360
165	414	323
189	354	224
181	374	240
228	429	301
152	412	318
135	491	341
258	375	219
160	422	317
179	435	281
205	303	245
0	0	0
217	337	252
166	414	321
271	465	364
114	385	297
319	591	449
157	408	304
148	283	256
156	415	322
216	300	194
220	381	277
142	394	321
190	335	241
143	260	170
165	368	365
151	395	327
237	344	216
306	362	359
91	483	360
284	389	275
208	598	407
242	516	347
305	399	308
357	365	314
146	296	235
153	420	313
199	365	279
172	354	270
165	487	316
149	362	330
139	329	269
0	0	0
201	353	248
304	428	306
199	296	225
189	358	246
201	398	252
151	397	309
284	397	303
156	345	235
224	364	265
182	333	225
299	397	323
204	365	324
221	418	306
315	391	348
170	357	274
155	419	316
175	338	248
208	329	248
43	255	219
283	384	312
183	335	228
279	458	314
109	305	302
247	347	259
208	400	303
190	360	245
155	422	314
130	455	256
122	305	254
147	392	303
204	305	256
104	198	150
107	201	138
218	314	236
160	401	300
155	343	237
219	403	303
231	308	252
275	245	188
251	342	248
183	289	289
459	521	414
200	205	202
300	593	403
243	396	300
262	766	320
201	345	256
229	377	294
164	504	363
250	427	307
180	333	217
224	351	180
154	255	188
158	620	177
235	366	264
154	422	314
225	380	296
154	417	393
74	273	202
170	354	272
219	368	246
170	462	377
218	400	286
231	437	304
152	201	197
360	614	454
194	371	253
194	370	274
104	285	201
207	296	229
188	334	266
202	261	244
181	325	251
219	345	255
151	415	318
121	459	328
227	349	288
214	314	300
200	306	248
237	428	309
154	389	306
165	360	271
372	472	266
208	299	252
225	322	200
201	347	270
196	413	312
154	422	314
162	278	217
147	499	294
220	372	271
250	341	249
200	390	277
206	363	309
119	357	250
325	700	411
337	366	339
254	343	250
184	428	301
262	376	239
258	493	400
263	460	296
150	356	257
165	414	320
182	284	244
200	376	239
164	401	307
188	373	269
168	355	299
173	284	166
41	364	260
192	312	301
219	388	289
213	345	229
306	383	291
294	415	305
161	455	292
155	415	322
295	430	320
205	363	257
157	416	323
155	416	321
218	417	285
371	511	346
222	549	336
153	411	320
151	295	199
200	322	223
105	446	206
174	322	273
171	358	271
523	711	424
199	459	318
143	463	253
151	420	315
193	393	282
165	422	315
156	413	321
154	413	320
171	360	271
142	397	297
224	321	194
115	304	302
80	448	315
302	409	302
306	387	272
215	384	279
207	302	233
129	522	498
158	405	291
485	439	386
108	492	328
206	296	251
166	424	315
177	339	205
192	373	298
243	374	260
378	486	425
216	335	178
276	527	356
195	424	274
293	359	311
236	448	305
155	396	307
273	527	354
241	337	261
203	322	188
201	518	362
201	349	220
221	417	390
282	496	301
0	0	0
193	474	263
187	289	171
198	435	285
121	223	154
227	484	335
269	343	342
0	0	0
284	382	314
290	486	361
133	297	222
210	388	303
283	377	314
205	299	255
223	395	284
124	387	339
234	465	293
128	379	191
321	720	394
408	603	508
228	485	409
176	617	450
231	435	305
252	480	305
154	415	324
153	414	324
285	381	315
193	386	247
88	440	315
193	307	257
165	419	315
211	302	253
176	251	249
232	442	307
213	434	418
181	431	222
254	466	309
411	496	410
221	308	243
287	494	393
165	405	311
167	420	315
212	368	297
212	309	296
305	393	330
298	400	354
129	323	223
144	403	306
269	501	445
115	436	287
200	390	301
152	411	319
148	262	201
152	413	322
409	496	409
128	396	293
224	464	202
177	398	353
183	321	249
202	390	301
218	307	255
175	413	273
107	434	207
318	424	394
246	452	434
129	336	220
199	311	222
177	336	219
209	381	223
279	623	496
174	449	298
156	395	305
184	339	229
456	631	346
192	295	229
185	282	167
215	344	260
218	393	287
320	405	191
105	304	296
156	343	237
161	286	179
61	516	472
206	561	254
112	499	325
155	422	315
206	399	295
210	321	244
266	505	433
330	513	489
252	346	237
188	408	295
272	420	227
240	338	267
184	281	169
151	292	205
157	344	239
215	431	301
127	219	155
249	443	345
202	385	293
171	287	231
241	526	327
290	445	322
203	399	305
302	386	312
264	506	433
158	383	256
299	396	295
155	347	235
252	293	210
169	415	321
256	341	251
215	584	344
172	335	216
148	392	304
249	350	195
200	347	254
236	461	295
155	259	188
157	278	187
244	374	259
157	344	235
171	337	220
143	339	227
247	346	257
201	340	253
188	359	274
237	513	322
228	351	315
199	393	296
316	511	386
202	481	181
168	425	315
211	334	184
140	255	181
193	457	284
189	484	297
174	323	269
242	316	218
240	341	242
267	350	338
197	411	261
300	399	312
227	301	240
234	431	309
151	306	244
210	386	276
199	335	228
201	297	248
236	331	249
318	544	393
156	291	201
123	435	413
156	199	196
156	416	323
132	438	433
294	251	201
264	462	339
193	343	232
292	614	301
228	402	282
178	418	381
142	431	308
265	471	375
217	414	304
172	355	271
138	335	222
179	391	365
237	301	222
173	337	220
267	501	435
246	433	346
195	334	226
205	394	302
97	200	133
269	291	225
227	494	293
186	427	256
190	340	225
162	293	206
200	382	323
333	429	360
227	288	230
185	459	185
153	412	322
184	308	269
172	319	286
49	362	294
227	476	270
281	581	405
189	339	285
251	540	348
197	301	253
181	353	245
226	312	205
175	389	302
326	508	489
164	448	417
196	345	246
251	306	213
153	301	204
167	475	195
259	363	207
175	262	211
311	709	405
241	518	323
199	314	235
230	401	306
147	477	319
203	326	308
126	323	234
127	407	302
137	376	307
426	555	415
207	301	228
201	382	260
169	358	264
158	223	197
188	468	249
250	404	302
181	335	285
180	347	321
172	364	235
172	299	216
258	472	230
160	355	231
179	279	166
172	377	271
182	342	289
224	431	298
192	349	230
162	279	181
97	534	430
185	344	304
168	406	285
149	437	190
146	396	319
212	396	299
138	474	382
149	396	308
156	388	257
218	302	237
179	504	372
218	302	238
322	333	296
151	398	302
196	461	268
187	326	287
165	372	246
207	285	260
167	371	241
307	405	306
165	273	202
159	303	267
191	321	254
216	396	314
242	579	363
181	337	254
279	481	266
168	360	255
155	414	320
185	317	224
393	561	425
251	473	364
168	321	278
169	508	364
157	420	315
204	336	300
287	412	332
149	346	248
445	604	503
206	358	253
376	679	663
166	416	322
167	415	323
231	312	254
332	636	479
128	322	259
278	337	170
0	0	0
190	294	224
242	494	323
195	291	250
224	343	238
181	354	227
269	399	319
220	300	252
150	394	300
239	515	323
156	299	207
172	456	428
168	421	316
230	346	296
74	511	421
237	391	289
165	415	322
231	381	276
251	360	198
155	415	324
201	383	382
227	319	252
245	537	433
223	420	298
153	382	319
155	349	232
184	415	266
305	396	306
154	415	323
148	397	301
132	484	265
308	581	401
305	412	303
164	284	212
212	425	286
221	336	226
251	371	227
224	372	296
185	339	224
110	460	332
217	345	232
213	380	297
185	356	258
201	409	360
323	548	367
146	339	245
237	394	308
176	344	234
242	516	322
191	304	301
401	616	370
258	512	402
168	416	320
173	355	269
217	335	218
223	358	211
136	267	210
342	489	334
149	243	187
157	285	187
175	380	244
153	413	320
230	439	265
279	371	278
194	304	234
156	416	318
274	503	352
202	298	244
182	336	290
372	677	421
166	416	323
164	398	315
206	389	302
163	575	547
136	233	181
153	415	317
244	422	314
240	444	299
204	389	296
191	263	155
309	585	402
150	412	298
185	380	270
298	549	396
155	334	234
182	335	218
146	290	199
141	258	176
187	356	270
166	415	322
122	275	182
116	410	342
183	367	274
271	497	386
113	294	217
373	555	554
306	405	306
167	304	276
168	436	289
165	356	271
155	420	315
187	470	305
237	459	316
202	378	278
181	388	304
154	352	247
206	358	235
128	286	263
142	284	283
166	421	316
199	391	300
196	302	258
182	308	281
217	442	269
323	377	287
192	358	280
233	413	269
152	413	322
175	335	220
228	317	282
207	496	255
55	328	228
291	691	412
307	410	300
252	504	328
166	421	201
181	366	239
219	395	273
421	717	531
160	287	194
293	413	359
206	300	253
254	300	201
215	414	301
202	307	304
277	583	402
125	299	205
207	298	253
245	397	308
156	415	322
141	386	308
168	299	187
255	394	304
204	392	284
116	303	212
152	413	314
211	305	253
190	367	320
138	385	297
241	236	236
186	476	282
222	393	283
319	721	409
171	440	281
215	295	255
211	532	528
369	673	665
155	399	295
121	361	274
532	701	387
221	305	244
137	324	222
212	434	290
322	562	444
294	253	252
259	370	199
186	327	282
188	378	264
256	379	354
168	359	253
153	306	248
153	307	245
313	454	317
190	336	295
338	596	381
167	293	187
191	339	279
253	290	215
216	364	256
185	373	258
208	544	397
197	269	257
176	342	275
222	304	242
151	308	247
222	465	300
191	289	223
150	393	325
137	470	425
162	329	232
193	360	242
169	391	275
253	692	312
205	348	222
315	458	315
180	332	287
312	456	315
194	365	271
200	314	247
310	463	309
164	319	262
231	441	334
187	394	250
181	459	307
224	352	217
255	599	310
186	358	263
0	0	0
288	342	245
193	365	275
177	327	287
153	402	301
207	336	245
171	380	250
179	443	290
157	464	187
151	314	245
252	343	237
185	367	280
171	292	167
201	352	259
172	397	294
199	295	228
152	388	300
428	560	434
190	378	253
221	340	231
153	397	301
183	461	187
34	505	330
153	422	316
215	475	292
163	355	237
135	295	222
153	328	297
238	352	247
98	329	225
197	427	286
213	295	182
392	583	476
187	357	275
145	310	201
138	331	245
185	463	184
151	400	302
168	356	272
223	306	244
289	695	389
277	481	339
241	450	336
227	494	294
119	421	274
131	298	223
246	507	313
223	359	271
153	413	312
214	454	307
216	304	238
184	338	287
216	444	295
224	403	290
141	303	229
215	386	304
224	307	244
164	333	214
208	400	298
150	398	300
0	0	0
314	466	352
221	381	277
181	365	224
168	420	314
296	409	300
176	280	235
155	420	316
275	396	202
107	395	238
212	332	177
167	304	246
234	450	252
257	330	282
164	368	273
405	535	406
210	304	271
154	413	320
140	255	181
169	395	289
147	304	244
180	335	288
217	361	188
201	517	382
271	530	336
94	397	311
151	409	277
297	702	436
219	399	398
0	0	0
211	369	287
154	423	316
195	390	303
181	367	226
126	347	258
154	571	318
186	503	390
142	371	306
117	335	224
155	417	314
152	309	246
171	356	272
180	361	235
98	614	423
170	289	203
149	288	188
156	344	232
226	321	314
281	377	220
145	346	199
172	359	270
163	260	201
239	509	308
160	295	208
146	323	244
375	468	251
172	358	276
198	369	266
153	425	316
67	504	348
282	473	468
214	301	252
193	366	231
222	306	242
306	393	305
104	412	404
176	366	270
286	400	276
171	359	269
308	412	298
235	582	391
216	404	309
58	371	351
199	302	222
125	393	271
242	546	352
169	302	265
147	305	239
134	303	217
273	556	349
303	408	315
202	359	306
137	307	247
152	310	246
154	415	320
225	381	297
284	407	274
231	433	428
205	368	276
440	525	446
380	570	370
395	307	301
81	214	184
138	323	245
227	340	195
156	418	372
210	369	233
242	484	354
223	384	296
136	328	253
150	308	248
160	306	246
150	382	276
184	344	248
141	296	228
290	408	330
223	385	298
168	640	420
136	405	338
175	226	198
91	539	469
170	375	234
308	709	412
251	575	506
398	588	461
220	379	338
223	274	254
132	315	309
418	493	425
298	466	354
365	530	351
168	414	320
135	396	268
171	508	372
187	426	326
161	263	157
153	423	315
153	328	239
124	393	321
243	334	274
153	309	246
159	420	233
355	497	455
177	292	178
241	338	268
117	224	156
222	306	244
216	310	232
187	326	247
156	414	324
224	388	312
132	294	220
184	316	210
225	309	243
207	408	306
298	675	447
175	323	217
158	402	304
150	530	461
220	314	236
178	350	236
264	511	353
193	285	172
180	483	265
246	358	253
216	358	265
157	365	245
67	438	387
83	499	307
154	413	315
165	386	258
206	291	289
283	521	387
139	452	308
166	415	323
306	596	487
217	448	283
237	503	343
157	411	324
174	416	262
229	391	279
148	355	247
161	407	302
173	373	314
177	457	347
202	399	303
221	440	373
154	422	314
146	486	336
134	225	143
130	412	216
212	391	300
171	337	223
382	604	246
168	353	289
138	322	243
201	306	220
239	826	386
144	315	207
230	345	275
128	309	221
353	607	597
149	256	255
161	312	254
151	413	318
173	345	285
223	305	246
242	413	292
209	286	255
133	297	225
220	407	320
271	361	230
151	312	241
220	383	278
162	406	251
195	420	264
153	415	322
179	285	239
189	356	222
322	681	445
135	294	218
152	308	248
165	262	261
141	256	187
152	413	319
242	310	222
209	370	330
154	413	321
133	297	232
310	238	226
151	327	171
421	478	424
272	396	235
126	363	353
217	386	334
134	292	214
64	370	256
211	430	296
0	0	0
171	336	218
247	417	332
183	349	208
219	359	267
141	256	170
173	632	492
224	387	298
174	413	315
100	420	321
200	336	248
170	358	271
136	294	219
194	354	243
156	419	315
217	430	294
164	299	188
183	343	281
155	426	316
142	308	226
133	294	217
274	525	387
299	519	395
299	514	400
137	292	212
144	483	410
277	452	324
167	282	188
165	415	322
121	320	254
225	412	391
276	480	391
299	513	407
169	391	281
197	296	255
155	253	247
167	368	270
219	312	238
313	511	501
125	386	307
300	517	401
297	398	235
157	296	198
147	228	187
301	514	399
134	293	217
184	479	311
143	397	239
161	540	530
168	353	288
216	397	312
136	296	216
237	580	391
156	326	241
299	506	402
208	450	368
129	230	170
178	447	246
203	393	301
300	512	401
216	340	194
147	396	296
194	374	272
187	374	257
165	415	322
207	414	334
224	386	301
156	412	320
122	199	152
134	296	223
253	365	234
151	394	308
133	392	312
130	364	259
145	343	238
200	368	254
151	308	248
145	270	193
155	411	321
231	389	282
191	376	293
152	308	247
151	312	244
303	400	296
266	396	379
88	370	167
234	606	416
202	311	209
307	396	304
147	375	310
154	450	310
73	207	159
151	309	244
222	419	300
354	669	627
156	446	342
101	192	153
298	468	331
205	250	209
144	465	255
151	443	370
148	253	147
299	513	402
196	547	393
206	385	273
301	513	397
165	414	321
301	507	406
184	377	268
137	407	319
151	356	303
355	507	360
125	354	209
377	461	291
181	259	201
114	405	306
189	350	248
124	192	173
189	314	231
186	364	265
216	244	216
185	374	272
314	713	408
302	517	401
104	250	220
175	387	230
392	522	338
328	486	409
364	871	514
148	196	147
185	375	260
195	347	242
108	500	405
103	411	325
151	204	202
163	207	173
77	222	183
158	285	215
137	390	315
217	353	332
100	421	322
186	358	269
173	344	199
293	391	302
144	345	240
352	502	423
220	380	342
287	301	243
152	397	300
103	412	405
144	258	187
218	385	334
201	416	317
115	256	224
167	404	353
158	300	255
219	299	230
152	400	308
170	248	186
154	394	308
152	414	321
221	378	339
186	382	265
328	535	518
270	402	376
146	261	197
101	415	322
185	449	248
176	374	244
81	613	251
183	298	281
167	352	260
186	377	263
67	354	338
157	413	322
180	581	356
182	562	418
269	479	408
386	676	461
275	461	379
149	288	200
222	393	334
190	346	280
300	425	211
312	599	487
218	378	336
286	527	424
142	378	313
297	515	404
299	518	396
217	385	333
245	447	362
138	333	244
402	708	531
298	487	396
131	334	222
190	358	237
98	543	429
306	397	312
133	291	223
134	299	216
153	419	316
189	368	271
166	414	320
225	434	332
162	389	201
158	393	302
102	423	419
267	395	373
149	396	302
341	689	434
99	327	228
305	444	294
298	503	403
200	406	271
153	347	304
225	373	254
297	514	402
316	706	398
154	201	173
204	326	291
266	396	377
298	511	402
310	381	308
266	413	364
270	412	355
125	359	289
167	309	210
237	421	313
153	296	210
448	553	444
173	352	274
221	383	324
199	398	300
225	494	476
121	252	141
137	371	264
280	484	295
213	526	382
214	538	431
169	325	247
383	434	425
146	269	185
173	336	219
400	518	291
181	334	220
122	324	225
205	333	235
195	216	205
204	395	392
157	198	173
146	259	190
185	284	166
134	333	219
298	515	409
184	366	268
221	384	330
210	433	264
186	376	259
298	513	401
195	395	381
142	389	307
309	590	411
196	356	275
246	435	394
103	408	325
188	336	284
202	355	260
358	341	289
216	356	259
128	256	185
134	298	222
146	256	204
186	299	210
276	567	347
101	418	322
162	279	199
241	415	296
128	453	267
219	367	282
154	414	320
251	380	217
114	477	198
283	425	417
230	401	299
297	511	403
101	422	320
273	396	223
226	270	233
175	254	146
195	415	272
150	368	261
216	378	337
245	303	231
165	424	315
177	472	312
184	376	282
311	545	414
298	512	405
443	646	491
118	467	364
292	308	285
301	452	412
301	507	405
104	417	415
309	394	300
200	366	268
148	589	405
129	324	223
298	512	404
133	298	223
103	411	325
311	463	310
162	403	242
126	222	170
156	398	205
196	351	282
193	418	292
167	414	320
154	323	210
122	335	216
201	298	255
197	266	179
165	414	321
167	367	295
304	406	300
102	428	426
193	317	235
309	380	244
170	458	274
146	313	247
180	283	241
213	391	303
223	422	393
148	389	300
127	299	226
234	286	188
226	393	292
205	296	252
401	592	301
150	256	194
109	489	358
156	343	236
77	370	269
210	389	305
189	344	280
231	285	183
274	395	268
296	525	396
166	404	243
295	408	214
249	345	259
165	419	317
156	345	256
142	301	226
205	402	301
297	472	395
212	338	187
196	415	271
147	255	199
300	394	307
208	536	364
214	448	280
139	300	235
235	405	300
305	402	309
159	386	255
177	480	312
175	336	221
161	365	241
131	518	312
166	415	322
135	488	161
234	527	405
201	421	299
156	442	309
213	388	309
145	395	335
219	354	178
243	395	306
276	635	449
198	423	299
240	348	330
176	276	162
254	362	295
95	394	313
176	333	228
149	349	243
298	725	226
166	336	220
166	422	316
155	191	163
188	379	303
200	393	302
136	244	174
194	363	280
179	342	219
223	395	289
308	399	302
105	570	338
161	470	272
201	359	302
273	389	278
187	338	216
237	385	345
196	519	280
166	415	321
206	393	305
186	513	253
286	433	384
253	364	271
185	404	281
234	388	302
302	418	316
203	370	263
210	409	305
131	301	224
333	685	409
210	433	295
150	388	307
417	492	423
158	298	212
186	312	216
220	380	339
309	392	303
253	383	268
317	492	359
309	704	432
162	282	190
161	379	203
264	393	307
136	323	243
190	404	305
105	496	474
286	423	216
302	407	296
165	425	316
336	487	474
261	453	442
221	334	240
153	448	339
193	362	232
299	512	404
217	474	223
200	336	263
153	371	250
139	307	246
226	543	320
158	385	258
419	496	410
189	345	279
136	378	147
244	399	297
313	590	406
166	415	322
161	260	256
200	297	256
105	723	319
205	357	230
162	380	259
197	364	250
133	310	214
144	469	278
191	418	329
234	327	219
152	312	242
309	612	456
171	357	273
101	410	323
203	327	238
248	370	221
204	404	298
302	386	305
151	418	313
252	404	311
140	380	238
217	347	219
134	296	224
160	400	299
307	406	303
173	396	323
140	257	179
138	306	247
125	398	305
298	516	402
299	513	405
297	511	404
103	409	324
366	553	325
140	388	301
149	563	551
220	377	341
262	377	292
138	386	311
177	418	262
83	376	301
336	404	396
161	295	199
167	381	257
157	415	322
167	414	321
248	527	381
299	505	395
155	415	314
215	356	258
251	368	228
188	387	294
228	478	286
142	305	229
298	526	397
132	382	299
297	501	403
297	512	406
297	521	402
177	361	274
296	509	402
180	281	166
165	375	247
302	401	296
213	397	298
164	377	235
169	432	409
149	453	270
179	355	232
297	511	405
131	318	265
247	404	396
183	451	347
143	379	229
300	464	400
241	219	218
103	394	291
238	284	253
0	0	0
113	299	242
298	513	406
202	368	252
136	333	244
178	341	217
119	356	313
300	513	401
259	358	203
213	429	316
187	423	331
171	354	272
192	354	231
144	386	302
135	299	226
154	325	277
153	413	320
123	321	154
196	298	251
150	304	199
328	590	375
196	290	252
227	373	251
258	457	326
276	556	358
136	433	318
139	440	315
0	0	0
158	294	203
130	306	212
190	409	284
385	494	441
138	334	244
182	323	221
179	348	227
179	372	247
199	419	307
285	416	361
188	321	242
238	413	307
152	308	244
271	401	272
141	258	177
276	412	317
395	923	376
184	285	168
131	293	223
160	422	301
272	570	350
210	390	288
253	516	331
187	348	236
137	334	244
141	304	228
177	469	284
168	359	267
132	516	348
99	416	293
138	335	245
298	600	417
152	389	310
143	318	233
196	415	283
259	366	205
137	306	247
194	436	365
204	377	264
263	406	385
308	401	300
331	510	466
152	399	286
165	248	187
130	295	226
212	419	254
278	505	360
245	444	327
133	297	222
157	282	172
192	469	313
234	314	217
268	487	316
198	292	255
169	369	246
186	379	254
330	771	490
211	435	409
292	395	296
163	381	183
171	381	251
173	414	292
308	380	301
59	354	259
156	415	321
182	332	228
131	296	225
184	349	226
144	395	379
165	420	316
338	362	283
149	277	198
144	463	294
167	423	316
232	334	267
163	280	200
229	318	214
154	423	316
156	422	316
130	297	233
143	327	248
187	329	280
161	374	144
157	400	214
404	629	505
114	437	317
0	0	0
131	420	217
227	291	282
361	589	447
181	356	236
152	348	251
202	387	303
140	259	175
300	393	298
230	475	286
285	294	229
159	795	163
207	342	224
168	354	292
147	458	237
328	452	382
160	334	276
167	415	322
260	651	635
180	299	197
229	396	269
152	414	320
152	346	260
152	308	242
153	416	316
126	304	220
210	369	263
132	296	221
340	607	451
217	457	291
243	459	455
213	295	274
176	335	218
144	377	247
167	416	321
169	372	241
166	591	415
153	324	276
153	426	315
98	343	299
209	498	313
259	405	191
154	325	277
180	349	253
205	295	264
117	600	400
154	412	322
219	485	379
131	302	220
245	495	358
115	303	242
155	415	321
254	358	350
321	504	368
218	379	339
189	326	249
182	349	244
108	307	210
303	393	262
264	647	644
154	454	330
232	412	309
121	313	152
191	286	176
126	354	233
133	296	221
127	453	252
161	786	394
132	495	484
0	0	0
234	392	286
365	831	512
135	294	220
255	348	248
239	421	329
246	426	312
114	296	246
164	343	248
165	374	254
180	362	318
220	385	332
155	300	201
146	492	261
111	299	244
132	290	218
145	344	248
220	382	339
160	401	307
199	245	194
244	348	239
414	384	324
215	384	331
155	417	320
302	401	301
123	350	243
176	335	218
194	312	278
241	497	335
206	403	306
254	302	202
313	493	408
196	391	320
197	321	222
217	473	390
155	359	288
275	397	269
293	546	400
81	379	314
153	412	319
166	422	315
152	419	314
95	604	474
264	534	379
157	342	236
181	460	416
207	390	303
144	251	221
153	418	316
240	355	275
261	370	325
202	293	256
185	429	276
103	211	149
376	577	432
155	414	321
224	424	324
323	528	232
287	523	388
274	436	382
143	283	239
74	430	282
134	297	223
157	395	253
167	355	272
275	313	234
166	317	224
166	420	315
194	378	283
271	315	301
217	497	321
172	363	271
143	299	230
174	241	195
299	390	306
135	223	181
115	380	247
190	354	269
245	591	413
274	392	272
270	467	407
300	471	397
172	498	336
159	402	301
102	405	405
296	444	401
228	370	298
138	305	245
300	491	400
160	495	428
187	422	290
114	441	325
138	256	168
272	395	264
216	491	343
169	315	276
153	325	280
322	465	292
260	416	307
130	363	221
159	414	198
243	361	349
134	374	309
139	265	252
190	332	280
225	325	219
137	343	244
153	412	321
297	448	225
165	415	319
189	491	357
173	354	271
0	0	0
209	410	402
256	406	305
342	373	373
172	361	268
169	359	271
145	396	305
318	399	305
169	367	296
154	421	316
186	409	269
158	432	339
239	500	331
164	415	319
221	410	285
119	179	145
199	572	369
299	404	365
194	354	244
338	515	503
170	359	265
120	208	199
204	359	247
157	394	306
149	442	248
202	402	297
155	351	232
213	392	306
196	331	233
153	424	314
158	798	165
147	301	232
157	421	315
167	320	317
0	0	0
154	415	321
308	392	303
209	308	250
190	363	302
138	252	165
176	378	245
283	562	406
26	527	506
178	373	246
301	513	403
152	275	220
85	388	305
145	292	232
154	331	274
208	439	217
204	311	229
210	297	244
153	481	456
139	291	256
58	520	517
153	325	279
250	503	314
195	391	286
256	342	308
172	220	217
212	387	287
62	576	229
244	339	184
152	420	315
246	459	303
179	286	236
231	321	282
140	456	285
117	341	242
229	349	234
152	421	314
142	388	294
0	0	0
178	315	278
154	392	302
172	338	274
226	336	260
152	293	197
399	518	293
194	340	178
170	340	215
124	310	226
253	354	305
186	334	237
234	525	375
141	308	265
104	333	294
158	273	193
188	333	252
156	416	323
120	451	292
182	337	237
181	369	247
160	273	194
297	519	396
167	217	167
144	376	228
206	353	261
313	599	302
301	515	402
242	327	185
166	293	258
204	334	270
181	335	238
236	496	318
153	422	315
166	422	316
176	365	275
220	381	279
302	508	402
305	394	304
0	0	0
232	418	285
168	415	323
183	329	248
275	389	273
298	514	402
129	290	227
127	301	218
154	325	280
298	514	396
139	349	248
273	395	270
475	439	431
117	340	242
168	360	270
195	395	297
153	420	315
235	352	269
315	590	390
213	412	203
294	257	204
228	346	271
148	307	207
252	353	297
110	269	264
155	418	315
152	412	320
199	299	252
177	334	241
116	340	249
214	340	184
103	376	205
176	335	218
250	331	189
226	340	280
388	331	313
182	331	259
316	461	420
244	329	186
154	324	279
200	386	264
218	372	275
306	533	359
132	298	222
158	424	247
175	370	244
181	366	249
199	497	223
155	354	255
170	342	240
153	414	323
81	376	301
176	377	299
122	300	236
166	414	321
99	422	419
213	344	235
118	347	245
184	339	240
104	393	298
154	382	313
298	513	404
200	303	254
135	388	298
157	422	316
220	334	267
158	295	207
157	553	381
206	395	302
120	347	329
208	411	281
255	349	247
184	343	238
215	407	306
350	455	383
234	559	475
297	524	396
104	382	321
180	353	275
143	291	243
0	0	0
152	420	315
229	430	286
127	235	202
182	329	265
173	353	267
168	287	198
298	463	398
185	337	238
171	358	275
172	292	188
182	371	249
273	396	269
151	284	259
186	337	236
111	195	157
179	370	246
100	421	419
134	293	228
186	417	330
106	542	320
151	291	228
181	333	241
53	361	304
145	285	229
91	274	185
110	381	310
185	332	245
176	381	243
153	410	319
207	311	302
312	588	397
132	493	300
260	402	192
233	342	274
172	310	243
218	469	411
220	444	373
197	425	288
221	416	306
142	391	303
169	399	322
108	379	314
170	442	296
178	341	222
139	255	175
248	298	198
119	260	226
129	372	312
186	330	242
123	219	218
170	356	270
133	544	466
298	510	400
309	548	317
131	289	222
301	519	400
225	352	192
181	356	232
188	329	244
146	346	258
155	434	315
91	806	538
145	542	431
86	331	262
262	573	392
117	340	245
110	381	310
184	332	243
203	496	257
145	256	202
213	339	268
371	460	302
304	587	366
300	486	397
296	513	401
223	417	279
175	380	243
75	488	335
156	342	237
103	279	161
313	392	365
308	310	296
234	336	280
188	322	235
265	397	306
383	264	219
137	391	323
127	223	203
155	350	234
158	282	179
193	375	237
176	372	250
214	391	320
197	389	285
193	250	197
229	352	271
160	394	300
194	383	235
173	346	251
101	325	321
290	340	310
232	279	243
151	338	222
351	419	409
155	342	235
298	513	405
179	333	249
141	255	178
84	363	341
211	423	285
217	402	313
59	357	263
117	341	242
140	346	238
127	423	235
180	258	152
196	395	304
70	390	301
300	410	333
101	425	418
157	313	209
250	521	323
61	408	289
199	351	227
179	340	256
297	515	402
166	358	270
187	332	267
55	408	301
182	514	376
140	347	239
231	425	343
339	245	236
170	319	263
200	387	265
125	225	208
57	442	335
300	665	356
299	511	407
198	390	269
62	311	255
121	249	141
364	698	653
230	343	275
112	297	245
301	515	401
138	297	226
203	399	299
296	518	402
138	412	310
299	521	401
75	485	301
249	740	280
153	417	317
269	435	314
80	405	324
200	392	308
210	296	251
98	292	202
202	400	308
200	348	227
172	354	225
129	399	219
124	228	221
240	503	318
172	365	268
176	373	245
314	596	405
220	399	297
158	345	236
154	281	181
71	504	267
152	389	304
152	393	252
254	602	443
144	354	349
172	313	304
170	308	308
243	427	410
138	251	165
201	447	359
203	290	253
204	387	304
383	497	426
194	375	237
168	354	292
173	358	268
326	439	278
155	414	320
160	401	285
368	382	339
162	357	252
228	625	618
198	361	246
299	515	404
154	423	315
82	395	324
298	511	407
208	391	389
331	370	363
243	519	325
145	425	217
168	548	322
116	359	237
363	542	313
154	413	321
171	360	267
301	514	404
153	417	313
171	356	271
157	382	259
203	392	308
156	349	234
173	327	245
187	336	238
257	682	667
308	576	356
158	553	378
126	228	198
300	506	405
171	338	236
308	391	304
249	396	257
346	414	344
127	304	220
193	375	233
177	373	244
411	506	429
300	520	397
164	401	296
215	361	270
248	376	220
312	397	295
194	374	237
124	339	244
298	516	404
167	414	322
305	406	298
204	298	232
205	393	304
169	360	202
124	299	203
178	375	247
130	298	217
158	386	251
311	597	415
181	429	406
174	355	273
209	275	210
156	344	234
282	817	602
127	296	220
147	393	307
307	384	300
137	253	168
259	464	343
264	404	224
196	401	311
249	766	342
252	317	286
168	402	285
231	372	196
217	434	188
167	354	284
275	398	272
177	375	246
156	345	233
126	236	189
211	392	302
308	596	416
134	347	240
299	396	331
110	423	350
212	334	220
200	596	402
180	376	303
161	324	247
136	236	162
262	336	219
270	397	271
141	353	234
78	304	226
178	372	245
86	476	324
196	397	298
247	329	187
0	0	0
298	512	407
156	413	319
0	0	0
189	394	281
309	597	413
152	292	204
157	281	183
187	333	237
243	405	196
157	345	238
168	422	315
311	611	404
197	606	397
164	437	284
166	416	320
202	603	409
120	361	304
164	422	316
138	253	170
298	398	367
326	506	262
90	404	319
153	422	316
197	400	303
179	298	160
154	466	327
99	417	291
238	397	335
350	420	340
229	339	267
145	228	185
164	546	513
148	413	349
150	384	300
174	373	247
69	404	390
145	452	286
89	323	302
147	391	306
299	531	379
157	411	320
165	251	142
130	295	219
180	354	258
154	426	315
173	363	228
155	421	317
165	382	187
312	464	320
234	471	446
213	390	306
106	696	115
243	379	308
264	313	297
284	592	442
213	416	300
184	367	232
310	594	411
198	392	310
155	352	234
287	425	308
169	361	271
148	394	303
119	378	290
183	296	239
104	419	320
330	342	294
123	299	221
132	331	265
351	482	350
147	312	234
197	400	306
63	553	441
138	345	243
165	332	226
192	389	275
166	414	321
70	389	297
137	348	244
269	506	294
158	416	319
331	389	298
306	415	300
113	383	289
251	378	290
151	419	314
191	281	170
166	421	316
312	593	412
185	447	297
215	380	273
160	464	356
255	299	288
169	438	324
126	260	214
123	424	420
172	355	272
138	250	173
233	339	238
234	329	165
173	386	291
84	377	295
247	342	257
181	354	270
174	257	149
177	396	268
200	392	314
235	484	316
128	305	217
154	414	323
168	340	244
113	372	293
137	254	175
310	478	213
158	292	206
219	348	178
172	300	206
182	314	285
137	401	307
184	508	417
154	413	319
121	301	201
310	591	410
109	417	289
244	440	320
210	370	264
134	360	294
184	302	239
172	278	222
186	427	300
140	395	298
118	209	152
298	610	470
382	494	442
115	352	239
152	367	364
171	337	214
316	593	408
170	363	270
199	291	263
90	768	477
184	401	314
245	375	309
314	599	410
254	466	339
202	692	202
180	258	151
188	330	247
90	401	326
154	422	314
137	252	169
148	393	306
194	273	182
157	383	259
159	395	308
101	196	150
176	378	241
155	340	235
153	415	319
152	305	292
311	484	364
174	353	270
129	438	234
188	330	246
249	588	389
266	329	242
172	358	272
497	490	404
165	415	322
265	377	275
111	764	223
242	386	375
291	390	302
315	595	394
104	420	324
155	361	146
139	323	246
82	301	242
135	369	305
208	403	302
152	419	314
323	394	307
129	355	260
155	419	313
153	414	321
247	369	209
311	606	400
166	415	320
230	349	194
173	367	266
144	261	200
250	373	325
0	0	0
330	721	452
187	305	173
155	355	288
198	425	292
175	283	206
173	353	269
254	315	313
152	413	314
181	439	398
208	350	264
152	411	322
285	429	417
165	408	266
166	414	323
164	422	316
198	367	252
346	464	382
175	336	220
166	415	320
314	596	404
376	562	510
113	239	236
233	340	238
296	400	307
207	406	298
153	414	320
176	352	205
154	343	234
234	437	340
140	422	262
152	293	285
142	332	288
168	359	273
154	416	320
501	608	401
304	609	400
261	549	410
257	523	329
203	301	254
177	374	243
146	485	451
155	343	235
114	404	257
202	385	300
104	317	312
175	350	257
203	394	304
211	428	308
312	531	398
307	682	404
155	347	234
312	427	338
156	300	202
193	294	184
330	331	324
192	387	273
199	305	305
116	327	312
150	432	230
312	594	408
215	294	197
169	415	320
408	553	300
172	256	144
313	536	402
209	443	346
203	354	259
316	602	404
158	201	200
209	437	280
186	402	316
369	457	396
311	595	413
183	391	376
249	303	217
164	284	211
145	298	239
252	379	330
313	598	399
101	507	110
317	713	394
127	403	290
146	374	374
199	316	249
403	585	301
172	333	214
153	302	199
339	499	271
312	597	406
0	0	0
314	601	402
180	370	246
180	384	279
171	324	172
153	423	315
168	405	241
179	370	243
235	346	158
0	0	0
310	607	404
199	391	307
181	371	247
165	415	320
308	597	414
230	396	309
151	402	312
147	307	196
111	425	139
230	335	211
146	381	306
205	393	298
230	338	218
171	300	166
325	583	397
163	424	347
187	388	236
123	467	460
312	598	416
168	416	323
209	404	307
313	598	408
184	277	259
200	288	248
310	401	298
158	350	235
309	596	413
175	318	278
167	394	320
197	513	437
199	348	245
545	644	566
157	452	289
300	445	406
485	450	379
153	420	315
307	590	400
165	420	314
221	339	220
170	354	293
307	594	411
144	221	123
99	418	291
151	395	305
181	444	417
309	607	403
166	414	324
136	289	178
263	362	250
313	602	402
151	325	282
209	323	192
201	367	271
201	396	298
124	286	206
192	375	237
157	577	249
454	538	534
154	327	251
120	321	253
168	355	282
316	607	396
403	614	505
188	415	266
139	252	172
120	427	242
151	412	320
230	358	226
275	532	532
178	369	245
149	293	199
206	289	247
64	525	326
160	393	286
309	598	410
242	330	191
166	416	320
189	336	242
204	396	299
218	400	350
102	198	150
179	377	296
319	690	417
152	308	265
271	504	324
146	270	186
167	416	316
265	284	276
125	426	236
164	395	316
175	339	211
184	253	159
109	403	273
207	344	196
309	622	414
152	421	315
271	412	217
275	399	272
193	409	327
206	465	367
160	364	236
65	517	330
83	476	305
166	277	259
200	289	255
154	568	389
296	447	345
225	520	344
411	603	504
175	315	288
168	358	273
105	457	246
165	440	437
203	472	345
158	406	300
154	414	320
212	336	184
220	393	287
215	421	297
229	280	181
235	385	368
144	334	276
166	415	318
213	337	202
194	379	234
190	456	306
254	307	295
198	300	255
204	401	301
197	383	293
114	591	454
193	409	310
146	301	227
97	539	320
124	402	315
190	260	167
237	531	331
192	369	231
156	422	317
157	290	201
314	598	407
209	474	332
115	309	306
140	396	306
84	476	295
178	373	247
207	560	399
185	354	243
169	351	255
156	418	317
174	468	277
212	389	382
154	419	314
274	592	487
117	399	321
133	307	261
296	405	376
305	384	321
363	495	439
145	380	216
155	255	188
202	397	302
219	375	342
487	459	382
353	274	239
258	401	213
144	337	226
84	482	334
109	400	319
310	244	214
176	372	247
203	507	418
146	447	347
149	397	303
191	415	260
410	455	418
205	364	246
86	425	340
145	395	309
407	514	417
170	356	271
177	329	280
165	419	315
404	707	521
153	412	320
308	604	411
313	538	403
215	487	356
179	324	276
158	402	285
206	384	298
311	595	409
271	432	298
136	391	359
265	352	303
151	397	299
198	394	312
165	414	320
212	332	326
228	379	302
309	595	414
203	291	250
182	337	207
147	344	239
193	391	318
200	297	172
233	357	285
248	594	400
167	422	316
78	418	281
179	307	269
208	393	304
192	341	229
201	418	295
209	396	306
309	618	448
205	394	297
147	385	299
270	412	270
194	393	310
328	516	327
74	282	277
181	409	295
168	397	271
233	518	327
323	520	310
311	597	414
195	389	320
203	389	305
308	596	410
386	454	427
219	339	192
215	356	218
308	595	412
307	595	410
140	335	252
208	352	262
103	196	149
166	423	315
294	547	375
220	348	186
154	412	320
208	409	298
147	345	259
309	602	414
358	358	344
117	368	222
185	398	317
158	397	302
297	504	448
383	486	441
0	0	0
149	358	266
200	335	254
239	351	343
277	396	271
281	454	387
154	396	300
147	277	238
155	421	316
97	299	203
192	409	291
309	601	417
202	411	280
144	318	250
193	317	264
161	303	257
246	373	267
296	430	379
371	374	315
308	705	400
121	518	321
168	340	245
166	423	316
200	349	261
175	295	234
289	448	414
135	309	228
188	383	319
306	597	416
191	346	229
200	341	247
201	347	252
144	389	306
142	229	173
313	603	404
193	355	265
198	397	297
152	421	314
137	251	170
270	419	393
372	541	411
200	352	245
214	438	384
281	411	221
341	753	596
213	442	323
311	610	402
254	347	344
197	308	268
202	388	301
130	412	311
156	276	270
88	254	181
152	393	306
307	616	403
173	511	333
201	393	297
229	221	190
130	393	307
320	686	400
312	603	402
199	324	258
307	611	404
150	206	204
195	396	307
275	483	334
301	392	300
102	208	142
146	316	273
193	375	316
167	303	257
232	519	327
222	417	406
251	559	457
165	414	318
155	415	322
309	594	413
145	294	206
258	380	207
286	410	405
157	660	490
276	454	365
245	481	355
153	209	199
152	211	201
229	414	403
234	359	226
178	370	248
167	520	400
178	284	232
134	225	164
202	303	249
315	470	372
143	345	221
154	340	278
229	418	261
152	294	205
167	359	251
101	511	303
165	351	248
97	296	187
156	413	319
194	287	180
167	450	229
319	513	309
152	209	204
272	662	651
150	399	310
217	384	303
210	525	366
277	322	255
204	288	250
121	370	335
248	366	330
238	628	475
136	295	176
311	601	407
269	595	431
168	291	255
294	252	250
219	307	198
297	582	424
302	402	297
176	338	214
369	553	409
185	407	255
199	289	177
191	314	221
232	433	389
239	347	343
175	338	213
154	325	277
207	320	250
206	398	306
196	302	175
159	407	211
167	280	195
201	448	299
99	606	295
194	374	238
215	413	308
49	372	331
221	432	353
152	210	196
153	342	232
173	293	166
83	395	303
233	439	307
165	252	141
171	333	216
157	302	250
249	295	194
186	342	235
212	372	323
264	384	275
170	357	274
171	290	189
106	212	143
198	290	159
288	440	268
255	532	427
158	345	235
360	651	572
0	0	0
324	513	370
156	414	322
295	395	195
188	342	227
78	419	309
112	413	305
169	418	317
137	296	248
219	362	314
0	0	0
209	292	256
169	356	272
195	357	264
306	399	392
268	508	316
379	569	528
314	685	393
188	452	295
237	436	310
184	292	200
158	349	234
159	287	165
139	397	293
164	381	311
205	388	313
261	332	206
224	575	377
156	419	317
161	796	160
266	448	260
303	405	296
135	249	180
153	419	315
237	1042	615
157	345	235
128	384	310
194	393	300
166	421	316
312	595	410
217	382	290
169	614	323
134	366	253
118	389	382
217	389	280
162	395	302
179	354	282
308	391	301
231	350	234
131	454	286
154	419	316
159	329	233
172	358	268
254	358	252
142	315	240
275	303	239
162	403	273
194	295	249
306	399	299
269	390	303
317	530	527
243	374	173
310	597	412
173	384	293
212	351	246
171	379	294
197	398	301
175	322	281
178	334	221
144	301	217
257	397	261
226	460	310
142	315	239
224	319	309
251	487	299
229	404	402
103	414	404
266	450	332
183	373	292
172	361	272
220	385	301
276	378	281
152	310	222
207	354	264
247	403	270
277	395	229
227	434	316
195	375	237
233	319	245
229	347	230
138	251	168
153	415	309
215	309	247
169	357	275
208	366	261
155	415	322
276	477	310
196	363	266
194	419	263
175	336	218
127	217	217
241	365	356
191	384	376
176	307	229
215	415	300
113	358	341
204	441	378
304	411	266
138	252	168
153	318	236
139	449	299
190	335	273
0	0	0
131	296	252
464	411	410
325	674	404
128	495	238
166	421	315
60	404	309
170	325	202
268	547	392
159	345	305
172	292	198
312	597	415
264	365	308
154	413	316
151	310	237
154	201	194
193	395	302
180	330	254
308	599	408
265	504	410
169	222	171
106	210	146
264	563	352
143	312	196
190	583	567
107	210	147
234	522	322
192	375	234
188	427	273
232	521	292
153	414	321
120	405	297
183	405	310
319	518	338
106	212	146
309	594	414
105	209	145
140	340	240
314	597	410
310	575	404
155	268	209
227	197	196
136	332	181
216	513	370
117	355	322
102	423	416
164	264	253
221	315	195
218	308	301
286	414	322
142	256	177
254	388	326
312	594	425
108	209	146
218	397	288
211	406	300
106	210	148
0	0	0
81	388	297
307	595	412
142	300	210
308	600	416
421	438	353
105	413	404
134	366	257
143	298	212
150	206	204
209	303	255
395	306	296
105	210	148
159	420	287
199	319	250
157	447	269
130	372	297
248	554	388
155	416	322
171	354	271
303	462	353
107	742	259
168	548	367
306	599	416
181	271	148
60	608	176
177	438	279
220	591	188
152	307	302
278	450	376
201	397	298
158	396	277
165	326	186
150	401	300
147	294	232
236	342	341
151	203	202
152	366	292
302	302	270
184	330	177
89	645	255
223	366	287
51	642	486
72	743	255
230	355	229
200	413	299
194	380	234
166	317	256
200	391	302
125	224	205
155	415	322
143	216	139
245	301	200
237	550	318
139	357	305
167	366	272
230	352	232
113	145	131
109	317	228
105	382	201
240	246	219
213	288	165
229	353	228
201	341	277
173	378	283
137	255	167
405	714	527
165	277	201
248	584	417
235	335	202
293	561	528
310	609	404
311	321	281
194	295	178
135	293	176
167	321	261
135	456	429
310	594	415
196	586	338
204	388	300
153	419	315
153	423	315
111	243	136
222	366	182
184	258	182
265	374	269
219	487	360
260	473	288
180	356	268
229	359	226
308	601	408
231	351	234
172	358	270
133	261	172
311	595	415
113	319	132
137	251	170
161	277	208
166	415	320
212	315	175
205	305	251
0	0	0
310	598	413
113	300	248
108	428	421
176	444	282
166	423	315
213	353	348
154	319	304
234	425	294
220	388	274
138	251	166
161	425	318
156	346	235
144	329	244
134	329	261
159	275	225
161	287	186
310	418	395
184	307	302
212	385	284
145	282	230
67	250	233
204	301	251
210	393	304
38	780	594
167	411	372
0	0	0
151	206	199
347	618	486
102	207	142
303	652	542
175	327	259
204	291	247
172	207	160
406	577	301
171	346	237
154	279	216
166	423	316
156	343	234
257	416	318
82	478	300
50	579	500
196	390	300
110	259	129
242	334	180
319	379	296
223	516	341
226	315	255
177	316	283
112	383	291
187	383	217
263	449	360
255	436	298
139	440	300
505	508	365
118	401	239
221	318	302
191	351	233
138	251	174
306	591	408
329	586	337
136	255	178
162	499	248
293	405	289
141	409	346
167	317	258
200	388	300
178	342	223
163	251	142
184	375	199
199	390	300
166	290	212
175	384	295
164	360	280
257	481	449
168	357	272
106	210	151
152	207	207
205	393	305
172	365	267
317	589	411
225	521	325
195	388	304
127	340	163
239	303	218
132	407	324
176	389	283
229	351	234
173	347	182
102	196	151
311	598	418
153	418	315
144	269	203
153	445	319
207	395	307
397	715	536
138	252	170
170	410	320
123	351	246
300	405	291
210	213	208
190	403	290
205	324	230
246	341	324
321	436	387
206	317	246
245	382	257
81	417	325
175	467	290
283	370	307
152	378	289
168	494	363
156	396	310
257	269	265
310	594	408
207	289	254
273	376	345
212	408	319
102	202	151
167	291	190
228	362	289
173	338	274
106	212	150
314	595	413
228	443	312
137	319	310
141	383	311
210	335	183
188	316	174
298	498	240
152	395	306
206	393	307
76	415	322
152	206	205
203	390	300
255	481	389
311	596	414
168	289	213
72	388	332
304	572	426
210	305	243
231	356	232
225	410	302
156	416	321
406	593	312
188	353	238
202	396	310
0	0	0
301	520	281
116	455	332
206	521	416
228	411	306
198	287	196
160	458	286
149	384	296
232	441	311
138	254	170
157	263	192
144	390	298
168	291	211
130	338	223
248	326	305
159	420	315
245	615	376
257	329	286
93	416	289
0	0	0
158	283	177
172	353	269
165	415	321
108	464	346
190	315	233
144	286	264
246	537	375
166	341	228
312	393	308
186	490	424
221	433	279
311	597	409
276	678	457
149	293	197
291	503	392
248	553	389
253	542	381
156	346	235
208	291	250
169	356	272
205	401	296
261	438	319
249	410	303
142	336	255
46	525	284
204	342	277
229	350	233
187	338	230
246	388	319
101	418	290
247	502	381
150	392	306
231	583	392
143	209	110
104	202	197
102	423	417
224	373	195
296	428	266
228	387	280
281	449	408
167	325	251
317	687	447
147	400	302
411	594	315
213	404	288
180	418	407
299	399	290
101	425	423
336	405	378
156	415	322
234	359	278
175	336	218
230	350	234
211	336	329
178	384	284
138	398	312
138	253	169
79	398	304
118	306	291
222	415	284
124	299	204
187	293	200
220	388	281
312	590	403
273	425	267
206	340	256
205	391	298
204	395	297
205	289	249
152	381	305
175	335	257
101	276	165
138	249	156
115	319	225
402	499	410
57	361	257
157	419	316
143	287	248
145	300	234
313	594	410
200	375	370
264	522	339
167	342	216
82	418	330
202	388	300
298	395	306
344	577	488
143	289	241
211	308	248
204	291	255
204	400	295
211	561	394
156	394	330
238	348	244
162	307	203
264	369	254
243	299	187
298	402	298
102	421	414
217	331	220
141	429	315
172	274	203
152	294	200
213	389	335
392	567	563
164	415	322
196	292	181
224	420	401
239	356	254
181	448	403
238	414	354
165	257	139
213	432	274
304	474	403
155	343	237
229	352	229
179	279	165
183	420	393
179	618	442
0	0	0
181	287	169
362	421	327
152	415	321
346	449	336
327	600	532
175	362	243
234	330	240
240	499	338
152	413	319
151	420	314
158	257	207
207	567	383
215	452	206
150	274	220
231	296	220
182	442	420
312	417	360
346	438	339
179	296	152
157	298	212
298	629	451
131	393	250
141	349	234
238	393	371
229	354	233
237	422	308
138	252	169
167	252	143
307	243	219
224	407	404
348	442	334
192	388	309
197	306	207
227	350	257
257	428	334
260	506	363
195	358	239
120	343	323
145	340	243
311	597	420
230	349	237
179	395	247
225	379	250
144	329	244
155	414	322
156	401	304
310	595	408
344	439	340
184	443	265
150	292	202
223	446	405
348	653	516
138	251	169
151	406	294
166	423	316
230	291	188
106	212	144
207	391	287
139	401	325
124	434	324
214	285	256
249	602	395
244	473	280
349	436	342
197	422	212
304	668	539
320	515	256
237	440	307
0	0	0
257	357	310
139	354	346
203	395	306
272	462	377
243	485	318
156	379	333
191	387	314
305	594	415
169	425	296
161	425	304
359	413	287
226	399	315
225	414	410
106	438	341
133	380	332
186	453	236
196	256	222
124	441	312
165	279	276
148	244	213
0	0	0
409	605	503
206	290	253
211	416	326
167	295	189
273	383	224
231	353	234
215	378	338
184	421	318
250	338	306
159	285	126
229	453	329
170	608	409
155	424	316
299	389	300
166	415	321
339	439	344
106	303	192
202	293	246
166	414	322
207	412	294
227	430	315
154	395	302
262	419	305
344	438	340
106	425	382
394	689	318
336	447	335
201	354	253
346	534	426
309	598	404
297	605	430
212	335	179
194	410	284
182	423	371
348	443	333
192	373	234
229	571	366
312	499	260
401	311	309
225	307	258
162	251	142
137	342	265
120	301	252
191	433	369
324	657	486
182	286	168
135	343	253
189	363	283
338	436	344
235	594	388
367	562	548
118	222	148
339	446	336
152	403	299
156	393	304
230	351	237
230	354	229
159	651	398
311	597	419
222	380	341
102	349	298
168	414	320
156	207	201
233	366	227
342	436	341
188	395	293
348	435	339
232	391	278
564	405	381
137	254	167
418	679	453
131	362	260
182	352	230
153	299	196
199	355	253
145	385	302
234	423	314
140	209	110
352	520	359
155	451	314
206	315	257
212	388	268
164	250	143
142	202	200
162	251	142
138	384	301
165	294	221
286	469	378
145	266	187
222	297	261
214	413	296
258	404	192
371	504	402
341	437	342
245	453	305
222	288	282
403	587	406
167	283	236
133	301	224
193	407	275
150	313	237
153	412	318
308	311	303
315	595	406
349	446	334
179	260	151
166	287	284
346	438	340
172	356	273
201	414	319
112	382	294
179	387	304
117	347	239
56	621	133
267	596	308
227	450	222
180	373	243
175	336	221
215	384	334
164	612	160
341	264	243
167	364	272
347	439	340
200	353	243
138	250	171
240	352	220
139	254	169
281	436	328
225	389	310
338	441	350
183	397	313
224	305	250
191	359	308
275	512	313
418	680	452
176	231	198
317	462	430
349	524	361
177	318	282
196	295	262
149	246	188
226	439	310
315	384	327
166	416	324
197	348	272
0	0	0
154	423	314
147	269	188
79	433	428
215	313	311
194	377	234
227	403	303
157	416	321
194	375	234
244	524	325
221	377	339
174	571	387
161	295	206
247	762	346
257	351	324
123	302	208
157	416	319
138	251	171
191	381	235
200	384	316
250	297	195
215	383	334
145	293	232
131	296	228
207	323	235
194	396	311
188	282	265
404	418	334
74	408	400
223	314	243
190	607	476
191	360	311
338	439	346
116	222	148
172	335	304
216	382	333
171	279	193
196	394	274
152	307	246
164	250	141
154	416	332
159	362	341
245	403	281
404	477	453
93	223	176
217	557	440
207	395	308
197	333	218
189	338	284
233	351	261
132	317	179
128	393	312
136	293	223
157	392	317
202	630	354
168	544	363
383	354	348
149	390	250
151	413	320
375	522	401
136	272	178
209	561	394
238	436	305
173	373	246
320	552	391
112	388	348
220	347	340
150	316	242
220	467	327
89	289	203
244	483	284
214	403	246
283	434	365
111	212	139
172	392	321
233	438	310
192	351	249
305	465	424
319	553	389
325	435	224
0	0	0
349	671	523
257	346	238
275	697	384
319	555	390
228	431	310
134	390	300
184	436	341
154	422	316
222	330	221
210	352	215
248	392	322
174	353	276
92	339	316
116	341	246
220	378	339
236	436	313
233	420	302
338	690	397
366	552	500
124	220	203
119	498	361
147	261	192
169	391	307
284	502	389
165	420	314
159	354	228
208	353	285
174	324	278
321	552	389
155	413	320
231	311	251
128	466	282
134	362	259
217	378	338
92	699	491
232	357	323
303	442	293
170	265	185
155	412	305
148	261	197
208	374	266
226	392	306
214	357	216
65	496	325
305	435	282
167	419	316
270	450	241
155	329	270
138	251	172
157	415	321
158	417	316
324	456	319
259	519	402
302	395	314
210	362	278
311	401	293
148	295	249
248	520	350
321	553	389
100	448	437
39	419	378
196	463	304
274	365	352
163	234	141
263	404	324
99	212	148
388	482	453
215	378	337
322	554	388
176	336	218
165	415	321
129	669	593
190	399	287
143	456	252
206	349	256
165	250	142
269	298	263
130	289	226
104	424	420
323	686	392
201	302	212
179	335	214
227	358	249
295	416	304
350	531	458
154	411	316
216	292	286
159	292	202
220	428	300
182	358	267
217	383	332
197	280	176
107	191	136
218	419	348
166	376	309
167	393	271
306	311	305
150	260	184
178	370	180
232	386	282
124	302	206
229	348	233
114	310	283
214	297	179
188	381	352
215	381	337
208	375	264
73	475	471
218	588	412
153	291	200
165	415	321
246	347	293
139	425	320
243	334	232
226	479	346
205	369	271
0	0	0
241	381	298
154	417	315
226	352	187
241	480	322
229	308	261
74	346	253
201	390	301
226	406	297
0	0	0
158	343	242
120	396	257
74	420	335
220	426	313
159	305	204
235	382	312
461	338	290
250	322	225
103	472	339
150	401	301
164	421	315
190	374	237
138	251	169
212	312	247
216	309	303
155	412	320
192	375	237
169	368	272
222	429	273
202	297	251
168	294	201
157	418	318
205	291	245
143	902	150
140	314	218
129	293	221
211	391	303
282	392	381
186	397	394
245	364	310
121	408	303
311	429	324
312	514	401
128	237	160
164	372	256
200	397	295
161	388	380
243	342	239
328	455	414
219	338	205
146	390	323
282	442	235
215	376	315
147	402	300
529	473	385
296	327	276
232	353	261
128	235	163
190	440	304
123	247	165
182	376	300
318	459	319
132	293	227
219	303	300
166	414	322
194	362	301
194	357	247
166	297	264
174	388	252
301	596	406
231	427	348
168	341	250
220	387	303
180	371	187
110	427	350
304	605	400
150	404	395
46	401	353
227	383	302
156	415	324
184	257	149
282	521	382
152	396	298
165	342	230
199	300	269
99	505	470
345	594	450
167	425	316
218	296	275
298	581	402
51	547	459
100	534	311
303	407	294
165	382	186
154	412	320
130	318	279
154	347	239
153	414	320
180	368	190
295	356	295
238	292	230
307	402	309
237	597	280
130	412	366
189	369	167
248	356	355
126	350	217
194	407	320
173	376	284
164	457	353
271	454	360
199	314	261
318	457	321
167	278	166
153	419	314
369	506	329
96	305	186
206	402	300
183	459	182
302	389	317
217	440	363
222	399	338
138	254	168
266	373	273
139	377	304
390	642	466
199	408	311
352	592	278
330	600	517
218	370	267
170	391	274
169	416	320
214	420	332
194	387	268
114	443	309
215	426	303
207	298	257
162	357	323
148	283	199
167	302	232
177	367	189
155	351	236
304	579	399
176	369	190
214	343	183
173	364	200
156	418	317
248	385	318
138	252	170
167	378	350
281	403	378
80	300	242
171	357	273
213	394	250
280	458	387
181	288	234
346	622	480
229	342	211
128	223	222
221	305	270
192	378	234
191	343	234
237	299	277
301	411	322
316	438	424
174	331	192
317	570	422
94	331	282
0	0	0
230	398	286
177	366	188
193	359	310
203	398	297
176	369	187
343	591	421
187	372	177
176	373	187
163	285	200
154	415	321
264	584	425
308	549	425
128	297	223
185	378	175
409	604	509
205	296	263
177	343	334
171	350	276
196	413	315
237	272	269
203	602	409
106	340	317
137	254	167
202	335	258
339	444	338
0	0	0
146	400	148
183	389	251
160	349	227
367	454	312
173	273	266
277	386	248
153	241	188
227	525	355
307	309	300
184	381	253
186	384	242
79	296	250
174	358	284
135	295	222
166	331	295
166	362	270
224	523	326
190	328	205
177	368	192
188	370	174
166	406	320
140	293	251
152	314	237
129	236	162
168	367	298
168	367	298
0	0	0
193	687	416
303	403	301
204	565	441
312	624	425
210	338	182
187	491	178
241	336	212
241	492	318
190	422	276
226	356	269
178	251	162
294	592	463
303	391	300
154	201	199
169	368	261
166	250	143
197	394	306
302	394	306
175	336	218
232	433	309
137	253	168
297	594	407
138	377	304
206	301	258
283	483	374
125	421	331
257	377	245
233	276	267
213	391	288
165	420	317
297	591	408
158	463	375
177	368	186
121	225	159
156	284	187
176	324	281
194	340	248
327	696	371
58	494	368
95	402	323
121	353	246
229	353	233
206	304	249
219	487	305
195	379	260
122	405	229
237	273	269
271	411	294
230	399	278
158	350	306
274	380	331
225	318	313
171	388	302
192	360	308
249	376	236
218	439	338
137	252	164
228	512	320
199	294	250
270	533	395
159	399	310
109	461	383
72	485	292
134	298	225
139	312	310
302	413	301
241	410	299
147	344	268
86	409	340
218	312	206
207	298	252
194	359	303
178	413	322
0	0	0
289	490	393
287	442	299
188	373	177
160	296	254
175	271	261
159	408	306
180	371	185
0	0	0
184	397	276
192	359	306
286	404	298
320	461	323
235	304	251
222	427	298
296	429	215
123	417	235
196	298	259
80	367	251
269	377	328
142	453	375
241	333	260
177	372	189
294	592	422
241	539	405
155	423	316
185	433	256
169	391	380
122	464	223
392	309	304
139	229	228
323	423	324
199	357	250
200	330	228
123	390	232
271	536	381
218	423	324
170	424	279
154	422	315
155	358	266
224	591	383
250	445	300
187	364	182
67	408	395
232	511	324
102	273	165
109	379	314
145	325	245
135	447	304
298	421	233
255	345	256
147	388	312
439	545	347
168	361	266
151	419	314
401	368	299
235	299	254
219	320	245
107	381	311
140	320	249
154	420	314
148	387	308
157	375	305
308	397	319
169	402	291
166	415	321
148	403	305
64	435	296
139	308	248
191	403	352
157	205	178
120	299	211
134	536	415
289	327	218
165	414	320
179	355	215
215	412	280
153	286	158
252	403	280
153	256	182
177	400	304
274	377	349
151	284	220
245	395	278
285	520	333
134	381	268
356	555	299
411	376	319
402	717	547
181	416	399
203	289	266
294	334	282
253	265	208
156	421	315
228	412	313
154	411	319
163	281	260
146	274	187
232	457	301
342	591	454
137	431	309
154	279	180
162	400	297
128	429	398
165	340	287
176	282	210
162	389	301
273	531	390
447	321	296
69	394	288
154	301	200
302	591	410
102	542	122
218	420	329
257	505	363
186	399	229
103	422	419
137	254	169
154	261	193
469	502	418
362	365	353
164	355	266
114	440	304
298	364	209
234	536	342
211	442	308
149	396	309
141	387	296
296	614	462
241	525	326
137	252	170
291	445	395
251	347	246
211	643	528
198	386	306
288	582	453
182	460	185
153	402	312
148	397	367
145	509	344
200	295	247
273	533	391
150	260	175
151	467	350
235	383	380
108	375	316
182	449	235
207	405	300
188	619	545
153	260	179
138	251	169
152	414	320
137	251	171
174	451	370
225	516	326
188	291	262
163	377	287
291	428	325
219	492	291
100	405	404
319	503	399
135	300	224
213	375	279
184	384	305
208	362	225
132	392	297
138	286	232
118	222	149
155	374	254
307	406	365
382	562	409
135	294	222
238	319	312
148	352	351
232	297	258
236	501	309
153	286	160
139	412	304
152	203	202
185	385	249
274	539	387
292	504	323
198	326	225
134	292	223
153	458	280
91	297	232
160	268	172
348	456	374
275	539	399
346	447	337
209	443	308
135	447	336
130	298	292
200	416	172
250	369	256
175	340	215
247	300	256
162	259	256
119	344	145
215	383	333
156	395	303
154	417	314
222	301	238
260	396	249
198	450	297
157	318	241
191	371	177
201	442	298
183	324	245
163	249	142
290	442	264
121	402	231
261	373	202
132	316	220
214	389	295
156	322	205
124	358	283
134	296	220
188	345	225
100	409	400
242	351	263
186	333	178
239	724	318
120	263	206
189	402	294
199	387	302
151	459	335
99	411	399
229	389	278
229	418	337
191	546	372
217	387	333
155	401	306
389	633	472
237	445	295
106	424	420
167	370	270
192	272	175
160	286	188
134	301	223
193	389	263
221	365	263
186	385	234
0	0	0
318	537	400
179	218	217
166	415	322
194	311	250
212	415	271
190	370	178
135	296	215
281	459	329
217	409	300
310	458	295
298	396	297
218	340	245
156	559	342
204	297	251
236	299	255
178	371	188
336	594	463
244	438	331
182	373	187
59	354	260
169	355	298
217	383	333
163	416	332
157	416	322
237	343	263
177	541	329
138	252	170
164	249	142
127	391	313
230	425	300
299	400	297
125	234	206
208	420	387
214	339	253
128	289	255
142	387	302
164	415	302
175	336	214
227	524	343
162	235	140
164	415	321
307	550	237
206	381	285
190	272	213
186	335	235
163	304	243
169	289	194
253	351	199
131	432	369
193	264	151
168	370	271
231	309	252
0	0	0
0	0	0
152	391	310
131	462	322
307	341	317
274	405	296
147	378	294
156	390	310
166	323	268
217	301	242
166	350	256
162	307	241
178	473	284
192	468	390
0	0	0
139	255	148
149	517	333
300	590	414
203	417	301
128	226	198
158	412	323
152	390	318
194	441	336
181	286	229
216	378	337
217	387	332
147	404	292
349	668	523
137	253	165
166	415	322
147	392	298
240	509	368
202	420	307
175	340	189
153	311	238
189	318	171
82	202	149
161	396	304
177	373	189
229	412	302
288	533	404
238	374	357
169	431	289
162	241	154
152	255	198
150	393	304
160	303	206
159	304	237
110	518	383
152	342	280
205	451	316
156	836	662
84	868	639
108	338	220
129	295	217
155	424	315
224	593	419
137	251	170
239	306	213
169	354	297
291	398	294
235	379	265
258	449	293
203	460	254
237	830	373
235	299	256
106	371	293
259	437	381
134	296	225
207	294	233
60	448	387
293	399	296
379	623	440
215	383	333
254	255	172
163	251	142
135	292	225
134	300	218
149	293	232
133	295	223
130	297	224
213	404	301
170	307	246
139	797	213
161	309	240
266	407	283
189	371	179
87	874	630
150	387	315
152	399	301
166	419	315
162	308	241
166	419	316
148	394	304
185	387	266
256	408	406
185	443	300
153	413	322
286	457	412
301	486	324
175	539	327
142	366	301
120	311	265
227	367	320
168	356	289
135	236	182
133	297	220
86	863	639
106	444	310
161	303	243
188	368	290
220	380	338
58	494	323
209	382	241
258	377	255
200	428	274
194	490	380
183	345	227
391	496	358
205	364	328
153	335	242
151	291	188
206	395	302
150	258	192
132	292	225
205	376	372
244	314	218
273	533	390
243	473	387
257	481	381
206	403	304
123	347	247
220	378	336
228	839	652
115	487	393
215	379	337
200	311	232
109	225	133
155	401	308
178	298	197
299	424	377
131	373	283
188	371	172
129	232	157
107	518	287
169	340	226
123	424	234
239	306	161
141	403	397
236	356	241
143	204	184
186	234	150
203	388	308
156	422	315
172	538	338
108	295	281
157	451	290
211	403	305
169	356	264
338	441	335
0	0	0
310	583	419
227	425	336
177	435	251
219	442	297
131	315	233
159	424	304
257	757	432
248	350	257
190	373	178
155	416	321
203	337	259
159	395	312
128	235	162
196	261	188
384	626	431
232	526	322
128	292	220
161	425	322
164	421	316
235	272	258
166	424	315
168	415	321
167	307	248
197	370	292
199	295	256
266	436	332
104	241	188
227	461	218
154	420	315
274	535	397
203	297	209
157	360	269
168	419	316
161	304	247
215	302	266
152	428	315
229	354	232
162	308	239
154	424	315
327	386	309
254	494	354
165	414	323
116	209	161
162	460	266
273	365	314
262	532	390
85	863	635
129	384	362
324	427	246
179	336	226
307	393	305
305	456	324
194	376	249
183	459	184
226	416	306
155	416	320
169	309	242
142	324	212
126	345	332
167	410	317
227	427	252
165	250	144
199	308	239
231	596	438
165	421	316
250	437	309
153	413	321
154	413	319
174	257	148
189	375	180
158	407	309
208	296	233
111	320	281
185	436	297
228	300	201
229	348	231
135	255	250
237	313	297
132	299	221
236	312	264
244	519	347
125	344	341
246	418	310
261	413	268
215	383	277
177	389	325
215	384	333
158	415	284
231	423	241
255	543	374
115	300	277
225	390	282
149	311	197
133	345	310
219	501	308
162	303	239
155	415	320
247	731	313
211	457	392
270	533	391
132	298	222
203	364	301
171	483	367
174	316	277
198	385	326
131	292	221
117	354	242
152	418	313
315	415	309
409	686	333
163	260	256
204	390	266
200	293	247
82	386	313
164	258	255
131	258	251
254	413	402
208	546	321
189	369	289
151	392	336
111	364	229
154	414	320
134	292	222
156	303	240
143	461	288
0	0	0
175	438	405
152	331	243
155	325	211
238	521	325
296	400	376
133	292	225
154	413	321
184	461	184
174	545	320
225	374	250
58	355	260
164	251	142
157	415	321
260	327	279
297	415	221
103	495	288
202	433	326
162	259	257
151	414	304
218	386	332
220	275	224
156	421	315
156	412	319
157	268	195
268	532	400
194	427	298
166	335	220
207	359	250
151	397	151
215	379	338
163	285	185
180	447	225
204	390	298
143	320	234
165	400	316
160	259	256
225	383	332
163	338	261
151	261	163
173	362	234
354	458	380
82	384	311
234	444	312
121	430	311
213	414	298
174	258	148
178	370	188
155	416	318
229	311	239
154	412	321
226	427	285
217	383	333
54	407	390
203	297	243
166	419	316
179	380	373
190	345	230
188	373	176
205	390	309
0	0	0
130	251	250
271	329	299
186	439	280
217	379	337
195	244	197
217	302	236
156	421	315
228	432	311
307	400	310
131	230	160
230	410	302
138	253	163
157	411	324
219	405	307
157	254	211
162	283	180
185	395	246
154	422	316
180	349	227
238	532	343
370	551	403
197	421	398
305	554	366
156	420	315
320	528	306
152	421	315
151	396	309
220	362	285
118	373	310
241	317	310
205	390	299
238	355	285
166	287	232
153	414	322
151	254	221
308	393	308
121	338	223
149	258	192
243	385	252
156	423	315
155	413	314
209	300	259
246	371	260
202	409	315
279	602	446
217	352	179
134	389	271
84	468	392
166	419	317
208	303	234
201	373	285
214	390	246
152	412	319
215	381	305
208	389	300
156	420	315
137	253	180
130	354	258
144	390	309
317	401	324
388	589	382
151	391	312
118	467	309
234	437	314
165	414	321
221	307	244
185	338	220
126	313	244
132	295	214
121	225	158
163	332	249
306	438	233
236	365	360
251	367	251
179	406	271
371	408	405
158	415	321
153	420	314
202	393	302
184	363	300
216	301	249
134	399	298
215	343	183
202	406	314
102	269	164
151	395	298
239	371	286
153	413	320
301	389	309
119	395	290
161	283	260
260	402	376
189	374	173
174	328	325
225	453	297
155	414	323
160	389	302
302	265	202
256	527	458
155	415	321
224	439	406
170	355	280
134	295	224
167	344	258
154	422	316
244	423	307
212	331	275
112	483	317
182	462	287
131	368	288
204	388	298
409	460	413
168	352	289
177	414	276
206	416	298
151	416	308
239	279	253
217	341	273
134	468	335
262	486	374
0	0	0
214	336	253
313	425	412
150	420	326
166	414	320
185	304	200
85	313	231
246	389	357
169	415	322
220	392	307
230	442	319
144	518	364
301	394	293
177	350	238
154	411	315
151	421	314
256	445	375
208	442	432
212	364	255
145	284	180
102	346	301
154	413	322
154	415	324
210	413	315
414	481	371
225	456	308
124	309	224
153	284	159
167	368	276
155	413	322
252	450	340
132	304	230
184	370	191
94	406	252
158	248	221
242	307	236
197	352	249
230	440	315
155	421	315
179	383	234
272	531	390
164	280	260
247	404	304
114	234	141
99	202	133
0	0	0
265	380	241
191	371	178
133	346	197
219	321	299
155	555	517
164	330	245
165	423	315
135	362	275
269	595	311
237	372	317
129	271	214
139	385	302
201	405	303
210	467	335
149	270	176
110	208	141
177	349	244
116	346	242
167	306	246
82	379	316
195	300	253
167	415	322
228	336	261
157	416	320
227	450	260
103	414	405
173	337	220
130	463	431
159	416	308
302	593	409
114	486	412
216	445	312
295	458	419
318	461	321
160	409	309
154	423	315
168	273	259
141	298	232
231	308	269
130	296	217
356	560	350
0	0	0
160	313	204
157	423	316
129	294	218
83	506	440
409	464	415
254	441	299
212	310	248
155	303	237
116	400	289
167	418	323
202	366	255
209	475	258
180	370	188
130	299	218
67	509	501
145	277	235
389	468	415
217	365	284
113	378	294
257	352	246
167	417	318
153	307	237
255	395	312
155	416	321
141	305	231
134	294	226
164	423	319
147	408	308
169	415	320
131	300	214
154	424	315
169	415	322
452	843	714
202	447	382
207	318	231
228	417	310
194	386	274
309	514	493
173	294	191
185	338	216
217	368	274
184	338	224
155	416	324
165	415	322
129	373	284
166	414	320
186	338	220
313	610	406
0	0	0
208	397	305
193	375	233
143	235	166
184	370	275
259	377	275
118	322	232
189	357	306
166	299	203
153	412	322
153	260	188
152	256	202
189	370	176
169	308	307
224	429	288
227	318	242
158	421	316
158	302	237
173	476	349
189	332	176
240	373	273
290	784	452
148	368	242
156	414	322
176	397	257
154	412	321
155	414	320
212	293	255
135	250	164
291	450	260
156	421	315
195	393	303
131	418	342
137	300	237
187	339	218
166	418	318
223	301	189
100	452	336
158	401	306
152	419	315
166	421	317
166	415	323
140	400	400
207	384	305
122	312	198
202	310	304
168	406	285
291	452	311
153	295	200
127	284	217
162	405	304
146	277	183
107	287	237
195	253	228
171	313	195
144	253	214
202	303	219
167	415	319
156	301	245
154	305	241
158	302	240
155	395	319
114	220	151
133	396	320
55	497	355
131	299	219
154	425	315
177	433	287
314	343	277
206	350	274
211	363	278
202	677	389
177	371	187
157	308	238
250	394	310
221	323	302
166	429	292
0	0	0
175	256	142
164	252	140
154	420	315
187	337	220
145	401	232
146	233	165
261	374	213
229	415	306
118	339	239
153	413	317
89	260	160
156	413	320
136	257	148
194	429	302
195	294	228
163	250	143
221	408	306
155	415	322
105	203	168
168	307	248
299	543	346
126	233	177
151	233	193
190	369	177
251	738	518
154	388	301
155	303	240
200	302	254
224	293	131
83	400	328
0	0	0
231	407	304
117	220	149
189	351	203
307	504	501
138	449	305
117	438	307
273	388	317
215	350	237
116	220	148
308	503	430
102	333	284
220	328	262
132	551	468
187	373	180
130	490	319
154	413	321
152	287	161
239	353	352
204	310	203
137	341	244
137	256	149
128	500	309
203	368	326
118	405	378
152	412	321
185	367	178
308	519	496
0	0	0
83	388	312
260	523	403
182	292	214
310	302	236
81	384	316
66	509	329
217	362	282
154	295	202
153	414	320
84	393	303
129	293	214
153	414	320
219	575	328
215	418	309
528	830	502
177	283	156
97	350	249
261	590	354
219	374	266
234	371	265
166	423	316
152	306	237
165	415	321
198	298	249
135	331	224
83	406	319
220	591	382
108	360	290
155	413	318
154	302	238
172	476	289
309	503	503
102	198	148
133	294	224
134	299	217
218	342	225
0	0	0
100	433	333
133	363	282
86	366	300
151	396	309
137	252	168
509	574	571
137	252	171
237	422	355
203	288	250
115	350	240
138	251	172
196	387	272
153	308	237
217	362	273
62	398	173
264	279	271
260	436	286
98	203	131
96	414	411
154	395	314
106	444	317
158	303	237
167	414	323
306	589	410
112	205	147
135	252	181
127	364	297
132	299	221
141	555	519
299	448	282
311	497	354
133	289	226
85	426	275
156	414	323
299	537	395
347	404	334
157	425	316
240	319	300
228	306	260
168	364	272
152	335	325
165	283	255
456	614	335
249	424	345
206	510	375
215	411	315
182	337	254
143	288	177
133	237	163
165	297	201
337	437	391
294	521	398
174	337	224
125	335	257
156	415	323
186	381	264
218	304	175
280	637	444
189	416	299
199	388	301
137	360	281
174	413	302
153	414	321
154	417	315
129	290	220
98	445	327
153	412	322
138	257	182
154	420	315
377	403	378
155	361	342
176	371	322
306	391	302
239	440	308
200	310	299
193	400	311
159	291	211
172	398	311
137	253	177
229	311	248
216	308	248
292	460	345
154	467	356
76	515	266
133	296	269
191	350	235
174	341	139
259	449	372
238	310	293
156	415	320
306	389	319
245	371	259
234	437	328
206	389	296
114	221	144
150	261	188
152	397	316
308	503	496
130	294	220
203	390	300
211	559	251
354	261	252
154	396	312
295	597	431
205	327	248
153	423	315
148	291	198
102	425	418
210	329	254
178	292	177
168	417	319
262	437	301
100	503	253
154	303	240
139	591	413
130	296	218
192	264	149
164	350	259
207	307	253
295	398	295
176	298	160
108	414	331
168	394	322
157	284	192
182	410	350
164	405	236
156	415	322
158	395	317
202	402	300
67	435	314
124	281	167
347	468	450
125	315	219
189	369	179
308	425	345
117	407	288
189	355	252
125	438	298
163	285	194
151	401	322
156	282	197
124	436	304
196	421	386
309	596	447
131	363	276
104	424	403
152	420	314
245	369	253
214	372	297
222	494	321
235	319	257
142	386	344
150	348	232
184	388	291
186	343	217
196	253	220
196	303	252
165	422	313
130	367	274
180	377	187
188	345	255
186	342	224
186	280	251
128	393	304
155	411	319
144	292	238
322	661	466
203	339	236
184	338	222
242	362	215
202	359	273
90	864	634
135	293	225
69	394	296
195	417	262
188	341	221
184	309	171
185	409	314
254	441	333
0	0	0
241	442	336
247	418	312
133	293	219
136	260	181
250	452	327
252	439	331
83	388	313
329	447	253
143	331	237
127	232	166
139	396	309
157	415	323
222	450	309
64	422	341
161	418	334
71	416	404
114	491	298
215	462	325
128	308	236
117	345	241
155	302	205
150	239	224
203	294	254
251	438	334
123	359	263
240	359	208
153	310	237
222	371	304
129	368	280
186	419	277
139	449	305
113	500	380
129	425	320
151	290	200
219	200	171
190	282	160
152	302	238
156	289	201
220	304	243
161	302	203
155	414	309
216	379	330
240	443	312
152	304	238
236	332	265
151	315	244
151	409	322
204	336	202
246	453	347
196	309	250
190	330	246
115	341	245
155	412	322
148	235	186
304	393	319
203	447	331
233	628	344
153	395	303
201	332	229
152	303	238
158	247	204
195	402	330
191	283	160
154	302	239
176	393	268
235	419	328
85	867	651
387	562	280
150	402	306
248	370	253
261	526	344
244	305	299
153	308	236
158	310	240
167	421	315
163	396	321
156	402	224
154	415	322
152	414	319
164	290	210
308	399	302
124	313	171
250	594	412
156	295	197
147	240	184
154	425	314
165	396	320
143	253	226
273	547	321
364	569	503
206	435	280
136	251	182
144	310	217
135	252	180
141	248	190
240	343	263
122	369	315
104	423	413
140	470	413
226	373	271
153	413	320
242	330	244
109	280	202
154	309	238
153	292	199
123	427	301
301	315	237
154	392	308
114	223	144
238	317	241
146	346	211
166	413	316
167	396	320
242	421	399
155	303	236
301	302	228
382	712	524
255	400	294
153	414	322
165	403	314
243	311	221
100	516	409
209	289	251
130	302	221
166	423	316
125	442	301
203	299	287
250	417	334
409	590	420
161	312	237
348	277	226
117	405	352
169	403	270
114	223	146
172	390	305
214	312	252
156	420	315
182	302	208
206	431	324
134	298	222
185	352	218
241	377	310
137	251	183
112	461	435
241	345	258
128	363	288
133	294	225
152	304	239
153	416	314
156	304	240
147	235	187
155	404	304
286	355	328
144	220	215
278	504	384
194	392	292
196	301	258
123	440	343
130	298	223
165	349	189
247	425	308
176	338	278
305	585	403
205	345	256
226	418	324
154	260	188
166	356	289
133	441	307
364	566	414
153	419	314
189	425	296
157	414	321
155	414	320
162	429	359
230	324	244
154	396	305
161	303	238
202	383	297
245	701	309
205	331	274
137	501	402
146	279	228
144	350	164
162	410	310
249	366	252
306	587	396
153	398	314
242	402	295
215	380	300
185	468	263
152	240	204
137	251	168
199	676	432
224	345	262
214	310	261
219	302	241
154	301	237
208	357	251
134	301	223
76	347	313
145	302	201
293	439	304
97	390	304
208	471	277
162	284	201
123	257	162
149	293	202
223	391	285
140	320	234
151	263	192
202	392	300
129	296	222
154	415	322
156	346	242
152	419	314
166	422	314
78	402	284
187	564	380
139	248	179
114	358	264
228	271	220
129	333	288
152	316	244
89	509	466
163	281	196
322	558	380
243	314	229
167	350	238
135	261	245
75	347	250
247	399	303
158	204	201
231	338	211
162	203	202
156	316	259
155	415	322
185	387	267
245	562	316
153	231	186
120	424	342
163	297	223
141	333	270
156	406	308
245	547	455
241	355	255
164	260	256
186	237	236
221	296	273
150	237	179
133	252	248
211	405	333
158	205	200
161	366	361
212	339	230
89	391	286
248	425	306
298	225	209
252	455	341
194	306	166
291	260	236
218	303	238
134	447	304
206	290	254
218	334	323
201	290	252
306	392	310
154	414	320
354	598	449
178	280	162
166	411	293
135	297	227
118	364	160
219	394	289
32	404	375
158	302	240
153	303	240
153	412	321
149	463	329
134	301	224
231	422	314
182	261	199
243	345	267
183	355	223
144	398	219
125	415	324
315	609	481
301	446	309
205	355	277
188	346	288
118	444	307
233	501	321
238	312	295
231	312	243
322	527	335
135	297	222
211	389	305
250	374	236
171	494	365
152	348	257
212	414	277
152	300	201
159	307	241
130	296	222
117	204	146
351	510	335
130	289	225
154	413	319
220	303	240
160	305	244
148	391	303
166	414	321
306	412	410
170	325	266
227	406	295
101	425	417
110	338	331
155	415	318
131	295	220
137	211	177
153	302	233
117	435	301
135	330	224
134	291	225
165	326	141
221	390	281
202	389	313
185	301	284
135	292	227
193	302	259
198	285	253
255	457	317
175	430	351
219	382	182
211	413	279
234	432	290
135	292	225
149	303	294
293	519	436
229	310	197
224	398	281
206	270	239
154	309	236
154	308	235
357	393	339
161	285	191
166	424	315
159	302	239
311	596	445
267	588	404
155	481	315
137	241	178
156	419	316
202	419	329
124	435	304
167	419	315
150	259	184
156	409	307
154	309	237
155	393	306
208	364	260
125	367	233
135	396	301
157	415	322
186	460	261
341	492	348
217	304	238
153	305	239
311	295	237
226	311	240
361	595	417
224	796	441
129	308	239
251	358	223
228	302	241
175	455	332
200	290	224
165	415	310
147	234	187
158	312	240
167	286	197
164	356	241
125	343	256
86	308	221
93	342	233
183	485	307
156	360	251
163	398	320
161	404	313
307	394	319
227	390	285
261	289	220
200	293	221
159	401	328
154	301	235
124	371	130
101	426	322
149	345	260
185	331	282
219	301	241
296	512	422
186	233	144
234	366	278
208	647	528
230	313	243
227	310	238
167	407	285
203	433	327
236	435	322
246	420	315
201	503	425
176	342	335
264	513	327
162	301	212
158	302	246
190	376	235
146	307	244
169	327	218
103	297	232
263	384	283
253	298	236
247	702	310
233	436	340
218	363	289
229	436	278
195	304	252
166	415	323
165	284	194
78	317	233
255	263	199
308	501	499
223	281	259
134	399	260
310	401	304
155	288	202
191	617	496
233	359	271
163	307	239
244	375	257
185	337	247
157	291	199
262	444	298
168	411	326
158	325	238
191	434	237
202	404	290
136	297	224
89	353	290
158	404	336
139	317	241
180	243	237
156	372	286
154	423	315
212	394	305
130	219	125
209	289	251
257	462	334
152	314	239
166	420	315
161	278	256
157	393	304
216	392	310
136	328	236
110	305	246
217	438	341
229	272	233
188	364	250
154	312	237
152	303	237
196	349	276
154	301	240
116	562	138
177	339	339
163	309	239
170	329	296
167	475	374
212	354	266
163	304	244
130	292	221
186	255	207
196	259	188
165	349	276
213	298	186
127	294	218
327	706	396
106	293	242
219	315	247
103	294	244
433	487	344
164	251	142
212	305	252
164	250	233
115	391	299
165	222	204
201	298	255
171	401	260
179	374	373
164	291	212
151	294	198
216	383	334
209	446	313
294	442	384
307	589	410
194	387	338
204	389	301
183	344	240
133	226	214
131	333	203
153	460	417
169	402	311
154	307	236
194	429	300
155	427	315
240	451	312
157	379	292
114	440	319
289	519	352
312	397	307
194	294	230
173	501	368
153	401	304
156	412	323
156	345	228
165	260	257
241	397	260
129	355	256
196	485	397
220	408	306
115	209	151
293	461	418
245	294	205
154	415	320
150	391	297
267	352	316
108	379	316
205	397	309
276	477	372
242	496	421
222	294	213
252	379	265
86	310	238
144	406	304
166	308	243
150	220	195
117	237	189
206	381	287
99	452	334
127	284	258
442	571	358
99	410	400
125	224	148
156	291	201
83	402	324
185	274	221
304	302	243
101	423	420
199	301	251
204	279	170
155	487	210
146	235	188
202	349	273
151	410	150
116	210	161
220	374	199
159	307	241
295	404	359
173	318	276
203	299	261
200	360	252
154	304	239
163	388	274
134	283	216
248	446	310
247	344	250
154	303	238
220	418	298
162	307	242
241	305	299
299	404	389
215	388	301
223	308	236
236	364	276
153	303	238
233	396	296
154	415	320
114	431	307
226	324	205
117	221	147
240	451	308
155	306	239
238	304	216
267	534	323
199	344	238
236	491	331
164	394	318
0	0	0
207	408	284
382	633	422
270	595	306
346	591	435
153	304	239
274	256	210
161	304	241
126	219	180
190	284	175
227	309	255
218	306	301
231	339	236
184	345	222
154	396	312
137	336	236
161	303	245
233	302	218
106	291	248
151	198	196
151	395	301
304	594	402
165	417	279
180	350	242
218	380	335
232	314	230
264	395	295
163	398	252
143	293	233
307	235	224
150	304	241
269	531	382
241	462	306
151	234	187
159	305	237
213	413	290
407	610	504
167	309	307
152	307	236
151	231	187
309	600	394
196	299	256
236	403	306
240	312	299
296	594	417
237	314	301
217	305	239
150	285	201
314	398	362
296	350	213
158	242	234
142	328	162
165	415	319
306	554	420
202	360	252
307	436	233
165	415	319
143	330	252
176	387	291
219	311	241
196	344	301
153	369	243
157	397	309
308	593	419
314	596	409
249	416	314
258	339	225
212	293	252
138	252	169
151	307	234
155	223	202
311	594	413
302	223	216
153	300	241
210	413	286
155	303	240
161	401	312
154	304	238
219	397	307
158	469	316
234	328	316
306	391	303
101	417	326
154	303	239
336	594	409
274	536	393
174	317	271
217	309	270
178	408	335
275	540	396
226	463	320
318	610	403
221	384	308
385	507	322
166	282	218
238	469	359
188	279	161
357	601	433
144	407	305
245	370	260
310	596	414
306	443	364
211	334	182
256	372	248
126	308	236
163	425	357
154	307	237
162	394	251
205	267	192
297	397	294
238	308	218
75	512	370
371	587	390
156	236	192
154	414	320
156	306	236
231	399	238
367	595	461
0	0	0
131	292	212
68	424	285
223	305	243
247	372	258
129	306	239
218	302	240
155	425	315
214	306	262
247	378	257
201	436	301
310	598	416
199	390	306
230	516	330
149	236	184
311	600	413
186	459	455
260	402	374
163	390	249
465	742	296
156	301	238
310	596	404
117	350	242
258	344	237
210	368	246
156	421	316
154	309	237
156	306	233
246	438	313
174	511	407
310	594	417
288	433	327
236	404	285
257	372	249
309	611	404
220	420	299
150	234	187
162	305	238
301	396	299
273	395	250
312	598	414
248	356	187
168	313	246
155	395	259
310	596	416
156	236	193
310	611	405
154	419	315
128	357	253
312	615	404
154	308	238
137	304	219
146	239	185
157	304	242
213	354	248
157	301	236
154	410	320
238	394	281
246	587	406
305	390	312
230	309	245
298	311	236
246	372	262
311	608	399
183	493	345
309	600	422
204	411	279
235	416	297
246	375	258
217	289	223
139	256	250
179	353	251
308	596	414
309	596	417
156	314	243
166	403	311
133	296	275
158	302	239
155	311	236
154	412	320
312	596	412
171	364	265
312	606	399
200	347	267
231	346	194
311	595	414
206	399	275
312	602	400
159	308	240
154	414	315
152	320	234
159	308	242
158	307	239
251	364	260
315	597	410
86	425	273
342	316	257
310	594	412
312	596	411
243	603	310
247	786	262
158	291	203
227	644	350
244	463	307
489	555	320
104	230	217
195	335	219
279	457	331
154	466	259
161	303	243
314	590	402
152	394	302
141	255	181
314	603	403
202	358	245
400	603	306
115	209	140
155	411	318
0	0	0
409	596	306
257	345	250
295	387	304
213	411	405
313	600	414
113	296	201
254	543	313
312	594	420
311	596	418
153	423	314
154	307	237
204	386	304
313	597	415
153	304	237
312	575	398
204	391	305
207	400	318
117	345	237
161	304	236
159	422	289
308	512	332
167	417	319
200	261	187
136	424	275
171	305	251
205	351	298
234	526	325
218	310	251
243	518	339
186	400	276
138	328	246
200	344	257
220	445	333
153	293	189
168	405	285
151	323	277
186	400	270
313	590	412
152	235	188
209	344	259
212	424	404
321	410	298
204	440	286
225	352	254
312	591	403
245	274	246
216	302	241
161	242	189
239	323	309
205	357	256
231	351	232
153	301	237
260	360	311
158	301	240
114	592	505
143	250	173
206	394	311
113	602	395
196	252	231
217	450	447
239	306	306
241	445	313
242	364	190
166	343	224
241	319	304
31	550	505
227	386	285
190	256	151
326	526	338
174	321	269
218	302	241
223	448	316
220	380	275
305	581	427
170	272	190
294	437	229
155	301	237
214	430	300
154	304	240
315	613	429
97	390	306
156	306	238
145	322	233
0	0	0
153	717	156
199	334	266
103	433	424
243	313	225
231	358	233
153	304	239
0	0	0
236	313	311
143	242	171
221	310	231
131	304	248
210	421	414
135	330	228
153	345	254
163	260	258
214	404	306
147	235	186
180	399	229
218	318	306
167	391	305
310	407	295
197	337	219
153	304	242
239	403	273
132	319	196
158	302	237
204	392	321
213	408	279
161	304	244
163	306	242
157	304	238
165	395	321
153	304	240
152	414	244
151	232	185
180	341	225
202	292	254
163	310	236
246	425	307
102	424	418
237	473	311
233	506	334
241	452	310
166	423	316
204	299	252
80	415	281
158	706	315
138	255	168
205	330	229
156	400	225
304	470	367
258	348	268
212	303	262
197	410	284
153	304	239
300	397	270
152	306	237
157	349	231
240	526	324
153	305	235
309	393	299
154	307	247
219	295	262
159	706	318
37	542	390
200	307	221
308	406	297
251	422	302
243	636	313
311	440	358
283	197	190
161	300	236
302	400	296
154	301	237
165	381	184
153	304	235
162	392	242
152	305	238
165	494	319
154	482	481
185	239	146
301	593	399
271	391	216
192	301	247
216	429	301
207	296	208
159	306	239
331	340	278
157	305	233
245	547	372
127	273	179
307	460	403
315	490	309
156	301	235
168	367	291
0	0	0
0	0	0
239	317	303
149	304	236
165	414	320
191	435	300
242	448	308
141	317	240
178	273	224
228	352	232
266	383	199
63	306	115
124	310	241
499	585	446
187	383	239
306	508	337
195	286	185
179	347	223
163	260	256
453	536	495
238	333	188
242	440	313
225	385	259
251	349	227
152	311	236
164	259	257
238	311	308
244	528	324
155	302	237
125	506	343
203	288	247
204	364	250
254	460	341
210	383	295
259	349	248
189	376	244
166	414	323
405	784	456
291	252	202
164	395	198
308	516	495
244	440	311
249	421	308
325	515	497
155	305	239
157	306	237
153	302	237
154	217	192
236	516	325
151	255	210
129	326	245
229	505	392
155	303	235
161	302	237
154	306	237
115	351	274
30	551	502
294	462	422
305	393	297
239	315	243
164	406	352
306	395	311
210	387	304
152	271	208
307	399	313
153	311	237
263	369	250
241	335	248
158	304	239
145	325	225
164	391	246
119	462	266
122	347	248
149	396	324
205	303	166
128	393	305
203	265	210
218	306	240
118	224	147
150	399	357
156	346	237
282	376	360
128	404	318
244	404	274
146	352	251
180	389	303
163	574	445
151	243	186
149	239	184
160	403	341
156	303	240
153	398	307
327	562	430
302	390	323
168	287	199
150	271	204
219	309	239
436	595	356
193	388	235
130	294	223
297	414	343
142	398	294
206	391	257
154	303	239
154	305	237
154	302	238
160	374	166
168	423	315
124	344	252
241	312	295
166	303	243
0	0	0
106	251	246
158	408	303
192	347	319
153	413	315
229	435	290
206	276	273
237	457	394
299	462	455
139	389	306
244	331	242
179	392	205
207	254	200
133	422	304
174	339	260
143	363	257
155	302	239
330	338	337
183	334	217
238	313	213
151	308	237
156	343	236
153	414	320
168	415	321
150	306	236
154	303	239
314	511	365
198	335	244
308	322	289
125	223	212
154	303	240
152	413	319
344	615	503
154	301	237
228	294	254
113	441	267
152	313	237
238	284	186
229	397	345
208	403	315
153	306	232
136	242	159
158	248	200
151	401	310
268	509	404
235	347	294
0	0	0
198	358	274
153	244	210
153	303	238
157	313	172
186	263	189
201	292	223
165	338	236
180	344	233
154	302	239
156	413	296
201	424	301
152	304	233
149	326	252
137	426	302
191	278	173
157	307	239
156	410	305
154	309	236
243	520	334
154	305	237
152	310	236
238	346	237
216	304	240
238	724	313
254	442	298
158	393	310
155	351	234
295	424	243
161	302	241
155	304	239
151	301	239
178	491	486
146	306	227
241	443	311
147	315	227
167	414	321
205	397	310
230	312	257
291	390	320
163	394	321
187	292	170
150	459	337
243	580	308
210	297	257
301	534	363
345	733	529
219	283	256
204	354	261
93	296	160
236	418	293
204	352	257
212	386	303
179	816	329
154	311	237
247	354	250
242	498	361
188	466	175
170	291	199
153	304	238
134	393	266
167	423	315
169	354	292
191	618	500
146	231	127
241	442	312
194	391	296
237	647	320
156	415	321
187	269	227
132	295	263
211	294	253
309	374	320
156	415	323
117	441	304
120	313	221
154	303	236
152	417	299
159	319	254
153	304	239
153	306	238
155	301	240
220	305	234
187	250	217
200	385	294
188	351	227
155	358	258
174	374	220
154	307	236
157	357	299
393	614	506
156	306	237
155	426	304
178	430	195
101	424	421
151	389	305
169	328	194
234	591	410
0	0	0
166	305	274
151	301	238
119	344	227
153	305	236
153	304	239
203	345	306
156	233	194
237	306	223
42	401	315
155	304	240
265	359	231
152	290	198
165	332	251
143	391	300
164	418	317
198	404	285
156	396	306
154	303	236
242	465	322
0	0	0
168	356	295
153	309	234
232	383	195
225	307	234
279	462	340
134	403	370
316	591	402
226	383	199
245	675	264
72	346	293
142	296	228
213	329	300
166	421	317
145	313	245
165	309	238
242	301	299
115	334	237
153	303	238
152	306	246
112	427	309
153	310	247
207	291	256
166	401	313
211	301	261
140	299	236
160	441	314
157	329	249
151	231	188
141	295	240
126	307	246
359	550	404
235	519	317
560	436	379
201	294	248
419	552	336
160	298	209
100	225	218
153	302	239
159	325	232
191	353	249
155	307	237
552	411	394
111	219	104
186	472	300
362	551	440
111	243	103
156	251	201
403	630	512
228	421	309
302	490	347
155	305	238
153	355	253
217	309	237
167	417	318
242	751	311
212	384	361
209	306	250
176	331	273
245	347	341
153	303	238
123	312	214
157	280	201
199	345	255
189	361	225
158	305	242
0	0	0
164	379	188
151	312	235
155	303	240
210	366	249
241	338	160
207	431	411
154	302	238
307	400	378
153	302	237
247	348	347
224	320	308
201	356	259
210	377	247
324	376	236
153	303	238
214	422	279
153	230	187
233	420	310
209	363	265
308	319	240
202	456	301
233	410	316
153	309	237
154	304	234
156	247	157
156	304	236
177	287	196
153	303	238
151	403	304
133	336	237
156	306	236
152	300	209
152	396	312
224	305	236
211	332	225
153	303	238
208	302	247
155	303	238
226	391	291
237	422	311
142	468	251
161	299	211
154	304	240
310	534	401
257	351	257
348	306	273
155	304	238
195	398	296
263	495	318
236	516	324
154	311	234
163	636	463
220	307	237
194	394	300
205	460	369
212	454	373
240	450	311
150	233	186
165	284	207
154	302	240
153	308	237
164	303	239
225	302	299
150	234	186
313	471	279
303	628	312
82	330	274
153	308	238
216	350	253
175	317	281
156	305	238
296	314	237
288	354	306
225	309	236
309	314	236
219	303	238
163	250	200
312	363	305
155	361	253
243	317	305
399	698	329
138	297	227
117	219	147
209	289	271
239	307	306
175	281	210
227	304	246
255	616	538
181	359	219
154	301	238
175	386	285
156	305	237
130	230	158
137	397	304
314	379	310
175	499	492
153	305	234
174	316	279
132	229	165
159	302	239
153	302	241
173	310	220
194	498	420
91	452	355
50	359	344
218	302	239
164	405	315
102	422	322
239	312	297
174	320	281
239	429	306
156	309	235
201	298	248
150	338	248
207	378	225
403	404	313
295	602	542
163	313	250
161	305	248
238	445	314
218	304	238
240	305	305
155	308	234
154	337	249
297	530	287
152	304	234
150	262	186
150	200	103
222	319	241
155	305	236
162	443	314
308	303	297
164	338	284
129	433	314
154	303	239
154	300	243
131	273	262
103	246	108
152	229	187
155	309	236
218	309	238
217	310	237
239	307	300
169	251	200
219	304	238
160	305	236
153	304	238
285	478	347
157	301	238
205	539	507
76	290	209
159	292	199
239	311	306
240	452	312
158	303	236
152	229	186
229	260	194
149	209	201
111	333	258
336	654	399
225	355	274
310	594	409
311	597	405
147	236	187
313	592	409
199	583	278
310	605	401
393	674	405
312	619	400
401	418	375
313	595	412
310	600	421
175	387	295
216	371	184
133	235	168
310	597	419
309	598	418
151	287	197
158	302	239
168	416	319
155	263	183
207	405	276
145	289	200
238	402	273
60	536	137
306	455	382
257	349	273
208	425	418
147	234	187
131	303	248
122	361	353
153	332	227
115	248	237
307	328	235
153	353	250
171	362	267
310	614	405
312	598	410
211	304	264
209	296	208
307	391	306
102	421	321
191	350	230
172	253	206
151	238	203
267	369	306
255	368	201
196	415	274
306	509	341
151	401	221
196	396	376
347	407	352
305	481	463
197	347	291
161	444	313
59	203	200
200	345	230
222	316	241
128	252	241
86	374	151
191	374	227
138	347	322
165	416	321
301	504	489
302	476	472
239	293	262
369	392	379
207	405	304
